epoch,loss,val_loss,val_tn,val_fp,val_fn,val_tp,val_acc,val_bacc,val_prec,val_rec,val_f1,val_matthews_corrcoef
0.0,0.7123644351959229,0.7655718922615051,0.0,107.0,1.0,63.0,0.3684210526315789,0.4921875,0.37058823529411766,0.984375,0.5384615384615384,-0.09916934417212515
1.0,0.7081927061080933,0.7648152112960815,0.0,107.0,0.0,64.0,0.3742690058479532,0.5,0.3742690058479532,1.0,0.5446808510638298,
2.0,0.7041209936141968,0.7639299631118774,0.0,107.0,0.0,64.0,0.3742690058479532,0.5,0.3742690058479532,1.0,0.5446808510638298,
3.0,0.7001373767852783,0.7629239559173584,0.0,107.0,0.0,64.0,0.3742690058479532,0.5,0.3742690058479532,1.0,0.5446808510638298,
4.0,0.69623202085495,0.7618055939674377,0.0,107.0,0.0,64.0,0.3742690058479532,0.5,0.3742690058479532,1.0,0.5446808510638298,
5.0,0.692396342754364,0.7605826258659363,0.0,107.0,0.0,64.0,0.3742690058479532,0.5,0.3742690058479532,1.0,0.5446808510638298,
6.0,0.6886230111122131,0.7592633366584778,0.0,107.0,0.0,64.0,0.3742690058479532,0.5,0.3742690058479532,1.0,0.5446808510638298,
7.0,0.684906005859375,0.7578548789024353,0.0,107.0,0.0,64.0,0.3742690058479532,0.5,0.3742690058479532,1.0,0.5446808510638298,
8.0,0.6812402009963989,0.7563645243644714,0.0,107.0,0.0,64.0,0.3742690058479532,0.5,0.3742690058479532,1.0,0.5446808510638298,
9.0,0.6776208877563477,0.7547991275787354,0.0,107.0,0.0,64.0,0.3742690058479532,0.5,0.3742690058479532,1.0,0.5446808510638298,
10.0,0.6740443110466003,0.7531653642654419,0.0,107.0,0.0,64.0,0.3742690058479532,0.5,0.3742690058479532,1.0,0.5446808510638298,
11.0,0.6705072522163391,0.7514690160751343,0.0,107.0,0.0,64.0,0.3742690058479532,0.5,0.3742690058479532,1.0,0.5446808510638298,
12.0,0.6670068502426147,0.7497159838676453,0.0,107.0,0.0,64.0,0.3742690058479532,0.5,0.3742690058479532,1.0,0.5446808510638298,
13.0,0.6635406613349915,0.7479115724563599,0.0,107.0,0.0,64.0,0.3742690058479532,0.5,0.3742690058479532,1.0,0.5446808510638298,
14.0,0.6601064801216125,0.7460606694221497,0.0,107.0,0.0,64.0,0.3742690058479532,0.5,0.3742690058479532,1.0,0.5446808510638298,
15.0,0.6567023396492004,0.7441682815551758,0.0,107.0,0.0,64.0,0.3742690058479532,0.5,0.3742690058479532,1.0,0.5446808510638298,
16.0,0.6533268690109253,0.7422383427619934,0.0,107.0,0.0,64.0,0.3742690058479532,0.5,0.3742690058479532,1.0,0.5446808510638298,
17.0,0.6499784588813782,0.7402750849723816,0.0,107.0,0.0,64.0,0.3742690058479532,0.5,0.3742690058479532,1.0,0.5446808510638298,
18.0,0.6466558575630188,0.7382820844650269,0.0,107.0,0.0,64.0,0.3742690058479532,0.5,0.3742690058479532,1.0,0.5446808510638298,
19.0,0.6433579921722412,0.7362629175186157,0.0,107.0,0.0,64.0,0.3742690058479532,0.5,0.3742690058479532,1.0,0.5446808510638298,
20.0,0.6400838494300842,0.7342206239700317,0.0,107.0,0.0,64.0,0.3742690058479532,0.5,0.3742690058479532,1.0,0.5446808510638298,
21.0,0.6368325352668762,0.7321580052375793,0.0,107.0,0.0,64.0,0.3742690058479532,0.5,0.3742690058479532,1.0,0.5446808510638298,
22.0,0.633603036403656,0.7300780415534973,0.0,107.0,0.0,64.0,0.3742690058479532,0.5,0.3742690058479532,1.0,0.5446808510638298,
23.0,0.6303948760032654,0.7279829978942871,0.0,107.0,0.0,64.0,0.3742690058479532,0.5,0.3742690058479532,1.0,0.5446808510638298,
24.0,0.6272072792053223,0.7258749604225159,0.0,107.0,0.0,64.0,0.3742690058479532,0.5,0.3742690058479532,1.0,0.5446808510638298,
25.0,0.6240395307540894,0.7237562537193298,0.0,107.0,0.0,64.0,0.3742690058479532,0.5,0.3742690058479532,1.0,0.5446808510638298,
26.0,0.6208910942077637,0.7216286659240723,0.0,107.0,0.0,64.0,0.3742690058479532,0.5,0.3742690058479532,1.0,0.5446808510638298,
27.0,0.6177617907524109,0.7194940447807312,0.0,107.0,0.0,64.0,0.3742690058479532,0.5,0.3742690058479532,1.0,0.5446808510638298,
28.0,0.614650547504425,0.7173536419868469,0.0,107.0,0.0,64.0,0.3742690058479532,0.5,0.3742690058479532,1.0,0.5446808510638298,
29.0,0.6115573048591614,0.7152091860771179,0.0,107.0,0.0,64.0,0.3742690058479532,0.5,0.3742690058479532,1.0,0.5446808510638298,
30.0,0.6084815859794617,0.7130618095397949,0.0,107.0,0.0,64.0,0.3742690058479532,0.5,0.3742690058479532,1.0,0.5446808510638298,
31.0,0.6054227948188782,0.7109128832817078,1.0,106.0,0.0,64.0,0.38011695906432746,0.5046728971962616,0.3764705882352941,1.0,0.5470085470085471,0.059316243243140276
32.0,0.6023808121681213,0.7087633013725281,1.0,106.0,0.0,64.0,0.38011695906432746,0.5046728971962616,0.3764705882352941,1.0,0.5470085470085471,0.059316243243140276
33.0,0.5993551015853882,0.7066141963005066,1.0,106.0,0.0,64.0,0.38011695906432746,0.5046728971962616,0.3764705882352941,1.0,0.5470085470085471,0.059316243243140276
34.0,0.5963452458381653,0.7044662237167358,1.0,106.0,0.0,64.0,0.38011695906432746,0.5046728971962616,0.3764705882352941,1.0,0.5470085470085471,0.059316243243140276
35.0,0.5933512449264526,0.7023204565048218,1.0,106.0,0.0,64.0,0.38011695906432746,0.5046728971962616,0.3764705882352941,1.0,0.5470085470085471,0.059316243243140276
36.0,0.590372622013092,0.7001774311065674,1.0,106.0,0.0,64.0,0.38011695906432746,0.5046728971962616,0.3764705882352941,1.0,0.5470085470085471,0.059316243243140276
37.0,0.5874088406562805,0.69803786277771,2.0,105.0,0.0,64.0,0.38596491228070173,0.5093457943925234,0.378698224852071,1.0,0.5493562231759657,0.08413365255688163
38.0,0.5844600796699524,0.6959023475646973,2.0,105.0,0.0,64.0,0.38596491228070173,0.5093457943925234,0.378698224852071,1.0,0.5493562231759657,0.08413365255688163
39.0,0.5815257430076599,0.6937713027000427,2.0,105.0,0.0,64.0,0.38596491228070173,0.5093457943925234,0.378698224852071,1.0,0.5493562231759657,0.08413365255688163
40.0,0.5786058306694031,0.6916454434394836,2.0,105.0,0.0,64.0,0.38596491228070173,0.5093457943925234,0.378698224852071,1.0,0.5493562231759657,0.08413365255688163
41.0,0.5756997466087341,0.6895250082015991,2.0,105.0,0.0,64.0,0.38596491228070173,0.5093457943925234,0.378698224852071,1.0,0.5493562231759657,0.08413365255688163
42.0,0.5728076100349426,0.687410295009613,3.0,104.0,0.0,64.0,0.391812865497076,0.514018691588785,0.38095238095238093,1.0,0.5517241379310345,0.10334847786576036
43.0,0.5699290633201599,0.6853019595146179,3.0,104.0,0.0,64.0,0.391812865497076,0.514018691588785,0.38095238095238093,1.0,0.5517241379310345,0.10334847786576036
44.0,0.5670637488365173,0.6832000017166138,4.0,103.0,0.0,64.0,0.39766081871345027,0.5186915887850467,0.38323353293413176,1.0,0.5541125541125541,0.11969330479392282
45.0,0.5642116665840149,0.6811048984527588,4.0,103.0,0.0,64.0,0.39766081871345027,0.5186915887850467,0.38323353293413176,1.0,0.5541125541125541,0.11969330479392282
46.0,0.5613724589347839,0.6790167093276978,4.0,103.0,0.0,64.0,0.39766081871345027,0.5186915887850467,0.38323353293413176,1.0,0.5541125541125541,0.11969330479392282
47.0,0.5585460662841797,0.676935613155365,4.0,103.0,0.0,64.0,0.39766081871345027,0.5186915887850467,0.38323353293413176,1.0,0.5541125541125541,0.11969330479392282
48.0,0.5557323098182678,0.6748619675636292,4.0,103.0,0.0,64.0,0.39766081871345027,0.5186915887850467,0.38323353293413176,1.0,0.5541125541125541,0.11969330479392282
49.0,0.5529309511184692,0.6727957725524902,4.0,103.0,0.0,64.0,0.39766081871345027,0.5186915887850467,0.38323353293413176,1.0,0.5541125541125541,0.11969330479392282
50.0,0.5501418113708496,0.6707372665405273,5.0,102.0,0.0,64.0,0.40350877192982454,0.5233644859813084,0.3855421686746988,1.0,0.5565217391304348,0.1342236536174101
51.0,0.5473647117614746,0.6686866879463196,5.0,102.0,0.0,64.0,0.40350877192982454,0.5233644859813084,0.3855421686746988,1.0,0.5565217391304348,0.1342236536174101
52.0,0.5445995926856995,0.6666437983512878,5.0,102.0,0.0,64.0,0.40350877192982454,0.5233644859813084,0.3855421686746988,1.0,0.5565217391304348,0.1342236536174101
53.0,0.5418463349342346,0.6646089553833008,5.0,102.0,0.0,64.0,0.40350877192982454,0.5233644859813084,0.3855421686746988,1.0,0.5565217391304348,0.1342236536174101
54.0,0.5391046404838562,0.6625820994377136,5.0,102.0,0.0,64.0,0.40350877192982454,0.5233644859813084,0.3855421686746988,1.0,0.5565217391304348,0.1342236536174101
55.0,0.5363745093345642,0.6605633497238159,5.0,102.0,0.0,64.0,0.40350877192982454,0.5233644859813084,0.3855421686746988,1.0,0.5565217391304348,0.1342236536174101
56.0,0.5336558818817139,0.6585526466369629,5.0,102.0,0.0,64.0,0.40350877192982454,0.5233644859813084,0.3855421686746988,1.0,0.5565217391304348,0.1342236536174101
57.0,0.5309483408927917,0.6565502882003784,6.0,101.0,0.0,64.0,0.4093567251461988,0.5280373831775701,0.3878787878787879,1.0,0.5589519650655022,0.14747953215418746
58.0,0.5282518863677979,0.6545560956001282,6.0,101.0,0.0,64.0,0.4093567251461988,0.5280373831775701,0.3878787878787879,1.0,0.5589519650655022,0.14747953215418746
59.0,0.525566577911377,0.6525700092315674,6.0,101.0,0.0,64.0,0.4093567251461988,0.5280373831775701,0.3878787878787879,1.0,0.5589519650655022,0.14747953215418746
60.0,0.52289217710495,0.6505922675132751,7.0,100.0,0.0,64.0,0.4152046783625731,0.5327102803738317,0.3902439024390244,1.0,0.5614035087719298,0.15978102179519785
61.0,0.5202285051345825,0.6486226320266724,10.0,97.0,0.0,64.0,0.4327485380116959,0.5467289719626168,0.39751552795031053,1.0,0.5688888888888889,0.19274590506827835
62.0,0.5175756812095642,0.6466614007949829,12.0,95.0,0.0,64.0,0.4444444444444444,0.5560747663551402,0.4025157232704403,1.0,0.5739910313901345,0.21246635092014077
63.0,0.5149334073066711,0.6447083353996277,12.0,95.0,0.0,64.0,0.4444444444444444,0.5560747663551402,0.4025157232704403,1.0,0.5739910313901345,0.21246635092014077
64.0,0.5123017430305481,0.6427634358406067,13.0,94.0,0.0,64.0,0.4502923976608187,0.5607476635514018,0.4050632911392405,1.0,0.5765765765765766,0.22184070197846978
65.0,0.5096805095672607,0.6408268809318542,13.0,94.0,0.0,64.0,0.4502923976608187,0.5607476635514018,0.4050632911392405,1.0,0.5765765765765766,0.22184070197846978
66.0,0.5070697069168091,0.6388984322547913,14.0,93.0,0.0,64.0,0.45614035087719296,0.5654205607476636,0.40764331210191085,1.0,0.579185520361991,0.23094698120019597
67.0,0.504469096660614,0.6369780898094177,14.0,93.0,0.0,64.0,0.45614035087719296,0.5654205607476636,0.40764331210191085,1.0,0.579185520361991,0.23094698120019597
68.0,0.5018787980079651,0.635066032409668,15.0,92.0,0.0,64.0,0.4619883040935672,0.5700934579439252,0.41025641025641024,1.0,0.5818181818181818,0.23981780767296423
69.0,0.49929869174957275,0.6331620812416077,17.0,90.0,0.0,64.0,0.47368421052631576,0.5794392523364486,0.4155844155844156,1.0,0.5871559633027523,0.25695803259172856
70.0,0.4967285990715027,0.6312662363052368,17.0,90.0,0.0,64.0,0.47368421052631576,0.5794392523364486,0.4155844155844156,1.0,0.5871559633027523,0.25695803259172856
71.0,0.49416863918304443,0.6293784976005554,17.0,90.0,0.0,64.0,0.47368421052631576,0.5794392523364486,0.4155844155844156,1.0,0.5871559633027523,0.25695803259172856
72.0,0.4916185438632965,0.6274988055229187,17.0,90.0,0.0,64.0,0.47368421052631576,0.5794392523364486,0.4155844155844156,1.0,0.5871559633027523,0.25695803259172856
73.0,0.4890785217285156,0.6256271600723267,17.0,90.0,0.0,64.0,0.47368421052631576,0.5794392523364486,0.4155844155844156,1.0,0.5871559633027523,0.25695803259172856
74.0,0.4865483343601227,0.6237635612487793,17.0,90.0,0.0,64.0,0.47368421052631576,0.5794392523364486,0.4155844155844156,1.0,0.5871559633027523,0.25695803259172856
75.0,0.48402801156044006,0.6219077706336975,19.0,88.0,0.0,64.0,0.4853801169590643,0.5887850467289719,0.42105263157894735,1.0,0.5925925925925926,0.2734343708098653
76.0,0.4815174341201782,0.6200600862503052,21.0,86.0,0.0,64.0,0.49707602339181284,0.5981308411214953,0.4266666666666667,1.0,0.5981308411214953,0.289375738024129
77.0,0.4790166914463043,0.6182202696800232,22.0,85.0,0.0,64.0,0.5029239766081871,0.602803738317757,0.42953020134228187,1.0,0.6009389671361502,0.2971777596603266
78.0,0.47652560472488403,0.6163883209228516,24.0,83.0,0.0,64.0,0.5146198830409356,0.6121495327102804,0.43537414965986393,1.0,0.6066350710900474,0.3124964237827032
79.0,0.47404423356056213,0.6145642995834351,25.0,82.0,0.0,64.0,0.52046783625731,0.616822429906542,0.4383561643835616,1.0,0.6095238095238096,0.3200307244243879
80.0,0.47157251834869385,0.6127481460571289,27.0,80.0,0.0,64.0,0.5321637426900585,0.6261682242990654,0.4444444444444444,1.0,0.6153846153846154,0.33488734331156855
81.0,0.4691104292869568,0.6109396815299988,28.0,79.0,0.0,64.0,0.5380116959064327,0.6308411214953271,0.44755244755244755,1.0,0.6183574879227053,0.3422229219843136
82.0,0.46665793657302856,0.609139084815979,28.0,79.0,0.0,64.0,0.5380116959064327,0.6308411214953271,0.44755244755244755,1.0,0.6183574879227053,0.3422229219843136
83.0,0.4642149806022644,0.6073461771011353,29.0,78.0,0.0,64.0,0.543859649122807,0.6355140186915887,0.4507042253521127,1.0,0.6213592233009708,0.3495046231990193
84.0,0.46178165078163147,0.6055610775947571,29.0,78.0,0.0,64.0,0.543859649122807,0.6355140186915887,0.4507042253521127,1.0,0.6213592233009708,0.3495046231990193
85.0,0.4593578279018402,0.6037836074829102,29.0,78.0,0.0,64.0,0.543859649122807,0.6355140186915887,0.4507042253521127,1.0,0.6213592233009708,0.3495046231990193
86.0,0.45694345235824585,0.6020136475563049,29.0,78.0,0.0,64.0,0.543859649122807,0.6355140186915887,0.4507042253521127,1.0,0.6213592233009708,0.3495046231990193
87.0,0.4545387029647827,0.6002515554428101,30.0,77.0,0.0,64.0,0.5497076023391813,0.6401869158878505,0.45390070921985815,1.0,0.624390243902439,0.3567378324339596
88.0,0.45214343070983887,0.5984971523284912,31.0,76.0,0.0,64.0,0.5555555555555556,0.6448598130841121,0.45714285714285713,1.0,0.6274509803921569,0.36392754454273246
89.0,0.44975757598876953,0.5967501401901245,34.0,73.0,0.0,64.0,0.5730994152046783,0.6588785046728972,0.46715328467153283,1.0,0.6368159203980099,0.38528071667719216
90.0,0.4473811686038971,0.5950108170509338,35.0,72.0,0.0,64.0,0.5789473684210527,0.6635514018691588,0.47058823529411764,1.0,0.64,0.3923400708199114
91.0,0.44501423835754395,0.5932790040969849,35.0,72.0,0.0,64.0,0.5789473684210527,0.6635514018691588,0.47058823529411764,1.0,0.64,0.3923400708199114
92.0,0.44265681505203247,0.5915547013282776,35.0,72.0,0.0,64.0,0.5789473684210527,0.6635514018691588,0.47058823529411764,1.0,0.64,0.3923400708199114
93.0,0.4403088092803955,0.5898378491401672,35.0,72.0,0.0,64.0,0.5789473684210527,0.6635514018691588,0.47058823529411764,1.0,0.64,0.3923400708199114
94.0,0.43797025084495544,0.5881285667419434,35.0,72.0,0.0,64.0,0.5789473684210527,0.6635514018691588,0.47058823529411764,1.0,0.64,0.3923400708199114
95.0,0.43564119935035706,0.5864267349243164,37.0,70.0,0.0,64.0,0.5906432748538012,0.6728971962616822,0.47761194029850745,1.0,0.6464646464646465,0.40639332026674335
96.0,0.43332144618034363,0.5847323536872864,39.0,68.0,0.0,64.0,0.6023391812865497,0.6822429906542056,0.48484848484848486,1.0,0.6530612244897959,0.42038134566830665
97.0,0.43101125955581665,0.583045482635498,40.0,67.0,0.0,64.0,0.6081871345029239,0.6869158878504673,0.48854961832061067,1.0,0.6564102564102564,0.427358598058829
98.0,0.4287104904651642,0.5813658237457275,41.0,66.0,0.0,64.0,0.6140350877192983,0.6915887850467289,0.49230769230769234,1.0,0.6597938144329897,0.4343285222924915
99.0,0.42641910910606384,0.5796936750411987,42.0,65.0,0.0,64.0,0.6198830409356725,0.6962616822429907,0.49612403100775193,1.0,0.6632124352331606,0.44129386337622023
100.0,0.42413726449012756,0.5780289173126221,44.0,63.0,0.0,64.0,0.631578947368421,0.705607476635514,0.5039370078740157,1.0,0.6701570680628273,0.4552213012859296
101.0,0.4218648672103882,0.5763714909553528,45.0,62.0,0.0,64.0,0.6374269005847953,0.7102803738317757,0.5079365079365079,1.0,0.6736842105263158,0.4621884437579451
102.0,0.4196018874645233,0.5747213363647461,46.0,61.0,0.0,64.0,0.6432748538011696,0.7149532710280374,0.512,1.0,0.6772486772486772,0.4691611125537903
103.0,0.41734838485717773,0.5730785131454468,47.0,60.0,0.0,64.0,0.6491228070175439,0.719626168224299,0.5161290322580645,1.0,0.6808510638297872,0.47614166308810735
104.0,0.41510435938835144,0.5714430212974548,50.0,57.0,0.0,64.0,0.6666666666666666,0.7336448598130841,0.5289256198347108,1.0,0.6918918918918919,0.4971534014724823
105.0,0.4128698408603668,0.5698148608207703,50.0,57.0,0.0,64.0,0.6666666666666666,0.7336448598130841,0.5289256198347108,1.0,0.6918918918918919,0.4971534014724823
106.0,0.4106447696685791,0.5681940317153931,53.0,54.0,0.0,64.0,0.6842105263157895,0.7476635514018691,0.5423728813559322,1.0,0.7032967032967034,0.5183164940085832
107.0,0.40842923521995544,0.5665803551673889,53.0,54.0,0.0,64.0,0.6842105263157895,0.7476635514018691,0.5423728813559322,1.0,0.7032967032967034,0.5183164940085832
108.0,0.40622320771217346,0.5649739503860474,54.0,53.0,0.0,64.0,0.6900584795321637,0.7523364485981308,0.5470085470085471,1.0,0.7071823204419889,0.5254144918156721
109.0,0.40402665734291077,0.5633748173713684,55.0,52.0,0.0,64.0,0.695906432748538,0.7570093457943925,0.5517241379310345,1.0,0.7111111111111111,0.5325378103921455
110.0,0.40183964371681213,0.561782956123352,55.0,52.0,0.0,64.0,0.695906432748538,0.7570093457943925,0.5517241379310345,1.0,0.7111111111111111,0.5325378103921455
111.0,0.39966216683387756,0.5601982474327087,56.0,51.0,0.0,64.0,0.7017543859649122,0.7616822429906542,0.5565217391304348,1.0,0.7150837988826816,0.5396885341911795
112.0,0.39749425649642944,0.5586207509040833,60.0,47.0,0.0,64.0,0.7251461988304093,0.780373831775701,0.5765765765765766,1.0,0.7314285714285714,0.5686070419664017
113.0,0.395335853099823,0.5570504069328308,60.0,47.0,0.0,64.0,0.7251461988304093,0.780373831775701,0.5765765765765766,1.0,0.7314285714285714,0.5686070419664017
114.0,0.3931870758533478,0.5554872751235962,60.0,47.0,0.0,64.0,0.7251461988304093,0.780373831775701,0.5765765765765766,1.0,0.7314285714285714,0.5686070419664017
115.0,0.391047865152359,0.5539312362670898,61.0,46.0,0.0,64.0,0.7309941520467836,0.7850467289719626,0.5818181818181818,1.0,0.735632183908046,0.5759259841050538
116.0,0.3889182209968567,0.5523825287818909,61.0,46.0,0.0,64.0,0.7309941520467836,0.7850467289719626,0.5818181818181818,1.0,0.735632183908046,0.5759259841050538
117.0,0.386798232793808,0.5508407950401306,61.0,46.0,0.0,64.0,0.7309941520467836,0.7850467289719626,0.5818181818181818,1.0,0.735632183908046,0.5759259841050538
118.0,0.38468778133392334,0.549306333065033,61.0,46.0,0.0,64.0,0.7309941520467836,0.7850467289719626,0.5818181818181818,1.0,0.735632183908046,0.5759259841050538
119.0,0.3825869858264923,0.5477789044380188,61.0,46.0,0.0,64.0,0.7309941520467836,0.7850467289719626,0.5818181818181818,1.0,0.735632183908046,0.5759259841050538
120.0,0.3804957866668701,0.5462585687637329,62.0,45.0,0.0,64.0,0.7368421052631579,0.7897196261682242,0.5871559633027523,1.0,0.7398843930635838,0.5832848466924493
121.0,0.3784143030643463,0.5447453856468201,62.0,45.0,0.0,64.0,0.7368421052631579,0.7897196261682242,0.5871559633027523,1.0,0.7398843930635838,0.5832848466924493
122.0,0.37634241580963135,0.5432392954826355,62.0,45.0,0.0,64.0,0.7368421052631579,0.7897196261682242,0.5871559633027523,1.0,0.7398843930635838,0.5832848466924493
123.0,0.37428024411201477,0.5417402982711792,62.0,45.0,0.0,64.0,0.7368421052631579,0.7897196261682242,0.5871559633027523,1.0,0.7398843930635838,0.5832848466924493
124.0,0.3722277581691742,0.5402483344078064,62.0,45.0,0.0,64.0,0.7368421052631579,0.7897196261682242,0.5871559633027523,1.0,0.7398843930635838,0.5832848466924493
125.0,0.37018489837646484,0.5387634634971619,62.0,45.0,0.0,64.0,0.7368421052631579,0.7897196261682242,0.5871559633027523,1.0,0.7398843930635838,0.5832848466924493
126.0,0.3681517243385315,0.5372856259346008,62.0,45.0,0.0,64.0,0.7368421052631579,0.7897196261682242,0.5871559633027523,1.0,0.7398843930635838,0.5832848466924493
127.0,0.3661282956600189,0.5358147621154785,62.0,45.0,0.0,64.0,0.7368421052631579,0.7897196261682242,0.5871559633027523,1.0,0.7398843930635838,0.5832848466924493
128.0,0.36411458253860474,0.5343509912490845,62.0,45.0,0.0,64.0,0.7368421052631579,0.7897196261682242,0.5871559633027523,1.0,0.7398843930635838,0.5832848466924493
129.0,0.3621104955673218,0.5328942537307739,62.0,45.0,0.0,64.0,0.7368421052631579,0.7897196261682242,0.5871559633027523,1.0,0.7398843930635838,0.5832848466924493
130.0,0.360116183757782,0.5314444899559021,62.0,45.0,0.0,64.0,0.7368421052631579,0.7897196261682242,0.5871559633027523,1.0,0.7398843930635838,0.5832848466924493
131.0,0.35813164710998535,0.5300016403198242,62.0,45.0,0.0,64.0,0.7368421052631579,0.7897196261682242,0.5871559633027523,1.0,0.7398843930635838,0.5832848466924493
132.0,0.35615676641464233,0.5285659432411194,63.0,44.0,0.0,64.0,0.7426900584795322,0.794392523364486,0.5925925925925926,1.0,0.7441860465116279,0.5906857517503468
133.0,0.35419169068336487,0.5271371603012085,65.0,42.0,0.0,64.0,0.7543859649122807,0.8037383177570093,0.6037735849056604,1.0,0.7529411764705882,0.6056222799490854
134.0,0.3522363603115082,0.5257152318954468,66.0,41.0,0.0,64.0,0.7602339181286549,0.808411214953271,0.6095238095238096,1.0,0.757396449704142,0.6131622601533533
135.0,0.35029080510139465,0.5243003964424133,66.0,41.0,0.0,64.0,0.7602339181286549,0.808411214953271,0.6095238095238096,1.0,0.757396449704142,0.6131622601533533
136.0,0.3483550250530243,0.522892415523529,66.0,41.0,0.0,64.0,0.7602339181286549,0.808411214953271,0.6095238095238096,1.0,0.757396449704142,0.6131622601533533
137.0,0.34642893075942993,0.5214914083480835,66.0,41.0,0.0,64.0,0.7602339181286549,0.808411214953271,0.6095238095238096,1.0,0.757396449704142,0.6131622601533533
138.0,0.3445126414299011,0.5200973153114319,66.0,41.0,0.0,64.0,0.7602339181286549,0.808411214953271,0.6095238095238096,1.0,0.757396449704142,0.6131622601533533
139.0,0.34260615706443787,0.5187100768089294,67.0,40.0,0.0,64.0,0.7660818713450293,0.8130841121495327,0.6153846153846154,1.0,0.7619047619047619,0.620753003920519
140.0,0.3407093286514282,0.517329752445221,67.0,40.0,0.0,64.0,0.7660818713450293,0.8130841121495327,0.6153846153846154,1.0,0.7619047619047619,0.620753003920519
141.0,0.3388223648071289,0.5159562826156616,68.0,39.0,0.0,64.0,0.7719298245614035,0.8177570093457944,0.6213592233009708,1.0,0.7664670658682635,0.6283967672188363
142.0,0.33694517612457275,0.514589786529541,68.0,39.0,0.0,64.0,0.7719298245614035,0.8177570093457944,0.6213592233009708,1.0,0.7664670658682635,0.6283967672188363
143.0,0.3350777328014374,0.5132299661636353,69.0,38.0,0.0,64.0,0.7777777777777778,0.822429906542056,0.6274509803921569,1.0,0.7710843373493976,0.6360958433562738
144.0,0.33322009444236755,0.5118771195411682,69.0,38.0,0.0,64.0,0.7777777777777778,0.822429906542056,0.6274509803921569,1.0,0.7710843373493976,0.6360958433562738
145.0,0.3313722014427185,0.5105310678482056,69.0,38.0,0.0,64.0,0.7777777777777778,0.822429906542056,0.6274509803921569,1.0,0.7710843373493976,0.6360958433562738
146.0,0.3295340836048126,0.5091918110847473,69.0,38.0,0.0,64.0,0.7777777777777778,0.822429906542056,0.6274509803921569,1.0,0.7710843373493976,0.6360958433562738
147.0,0.3277057409286499,0.5078594088554382,69.0,38.0,0.0,64.0,0.7777777777777778,0.822429906542056,0.6274509803921569,1.0,0.7710843373493976,0.6360958433562738
148.0,0.32588714361190796,0.5065338611602783,69.0,38.0,0.0,64.0,0.7777777777777778,0.822429906542056,0.6274509803921569,1.0,0.7710843373493976,0.6360958433562738
149.0,0.3240783214569092,0.5052148699760437,69.0,38.0,0.0,64.0,0.7777777777777778,0.822429906542056,0.6274509803921569,1.0,0.7710843373493976,0.6360958433562738
150.0,0.3222792148590088,0.503902792930603,69.0,38.0,0.0,64.0,0.7777777777777778,0.822429906542056,0.6274509803921569,1.0,0.7710843373493976,0.6360958433562738
151.0,0.32048991322517395,0.502597451210022,69.0,38.0,0.0,64.0,0.7777777777777778,0.822429906542056,0.6274509803921569,1.0,0.7710843373493976,0.6360958433562738
152.0,0.3187102973461151,0.5012987852096558,69.0,38.0,0.0,64.0,0.7777777777777778,0.822429906542056,0.6274509803921569,1.0,0.7710843373493976,0.6360958433562738
153.0,0.31694039702415466,0.5000067949295044,69.0,38.0,0.0,64.0,0.7777777777777778,0.822429906542056,0.6274509803921569,1.0,0.7710843373493976,0.6360958433562738
154.0,0.31518030166625977,0.4987215995788574,70.0,37.0,0.0,64.0,0.783625730994152,0.8271028037383177,0.6336633663366337,1.0,0.7757575757575758,0.6438525665942066
155.0,0.3134298622608185,0.4974430501461029,70.0,37.0,0.0,64.0,0.783625730994152,0.8271028037383177,0.6336633663366337,1.0,0.7757575757575758,0.6438525665942066
156.0,0.3116891384124756,0.49617114663124084,72.0,35.0,0.0,64.0,0.7953216374269005,0.8364485981308412,0.6464646464646465,1.0,0.7852760736196319,0.6595485183732583
157.0,0.3099581301212311,0.49490591883659363,72.0,35.0,0.0,64.0,0.7953216374269005,0.8364485981308412,0.6464646464646465,1.0,0.7852760736196319,0.6595485183732583
158.0,0.3082367777824402,0.49364733695983887,72.0,35.0,0.0,64.0,0.7953216374269005,0.8364485981308412,0.6464646464646465,1.0,0.7852760736196319,0.6595485183732583
159.0,0.3065250813961029,0.49239522218704224,72.0,35.0,0.0,64.0,0.7953216374269005,0.8364485981308412,0.6464646464646465,1.0,0.7852760736196319,0.6595485183732583
160.0,0.304823100566864,0.49114981293678284,72.0,35.0,0.0,64.0,0.7953216374269005,0.8364485981308412,0.6464646464646465,1.0,0.7852760736196319,0.6595485183732583
161.0,0.30313074588775635,0.4899109899997711,72.0,35.0,0.0,64.0,0.7953216374269005,0.8364485981308412,0.6464646464646465,1.0,0.7852760736196319,0.6595485183732583
162.0,0.3014480173587799,0.4886786937713623,72.0,35.0,0.0,64.0,0.7953216374269005,0.8364485981308412,0.6464646464646465,1.0,0.7852760736196319,0.6595485183732583
163.0,0.2997748851776123,0.4874529540538788,73.0,34.0,0.0,64.0,0.8011695906432749,0.8411214953271028,0.6530612244897959,1.0,0.7901234567901234,0.6674926537994377
164.0,0.29811134934425354,0.4862338602542877,74.0,33.0,0.0,64.0,0.8070175438596491,0.8457943925233644,0.6597938144329897,1.0,0.7950310559006211,0.6755042579473932
165.0,0.296457439661026,0.48502105474472046,74.0,33.0,0.0,64.0,0.8070175438596491,0.8457943925233644,0.6597938144329897,1.0,0.7950310559006211,0.6755042579473932
166.0,0.2948130667209625,0.48381489515304565,75.0,32.0,0.0,64.0,0.8128654970760234,0.8504672897196262,0.6666666666666666,1.0,0.8,0.6835859270246633
167.0,0.2931782305240631,0.4826151430606842,75.0,32.0,0.0,64.0,0.8128654970760234,0.8504672897196262,0.6666666666666666,1.0,0.8,0.6835859270246633
168.0,0.29155293107032776,0.4814217984676361,75.0,32.0,0.0,64.0,0.8128654970760234,0.8504672897196262,0.6666666666666666,1.0,0.8,0.6835859270246633
169.0,0.28993716835975647,0.48023492097854614,75.0,32.0,0.0,64.0,0.8128654970760234,0.8504672897196262,0.6666666666666666,1.0,0.8,0.6835859270246633
170.0,0.2883308529853821,0.47905445098876953,75.0,32.0,0.0,64.0,0.8128654970760234,0.8504672897196262,0.6666666666666666,1.0,0.8,0.6835859270246633
171.0,0.28673404455184937,0.47788041830062866,75.0,32.0,0.0,64.0,0.8128654970760234,0.8504672897196262,0.6666666666666666,1.0,0.8,0.6835859270246633
172.0,0.2851466238498688,0.4767126739025116,76.0,31.0,0.0,64.0,0.8187134502923976,0.8551401869158879,0.6736842105263158,1.0,0.8050314465408805,0.691740321867387
173.0,0.28356873989105225,0.4755513072013855,76.0,31.0,0.0,64.0,0.8187134502923976,0.8551401869158879,0.6736842105263158,1.0,0.8050314465408805,0.691740321867387
174.0,0.28200018405914307,0.4743962287902832,76.0,31.0,0.0,64.0,0.8187134502923976,0.8551401869158879,0.6736842105263158,1.0,0.8050314465408805,0.691740321867387
175.0,0.2804410457611084,0.47324755787849426,76.0,31.0,0.0,64.0,0.8187134502923976,0.8551401869158879,0.6736842105263158,1.0,0.8050314465408805,0.691740321867387
176.0,0.2788912057876587,0.4721050560474396,77.0,30.0,0.0,64.0,0.8245614035087719,0.8598130841121495,0.6808510638297872,1.0,0.810126582278481,0.6999701723611281
177.0,0.2773507535457611,0.4709688723087311,77.0,30.0,0.0,64.0,0.8245614035087719,0.8598130841121495,0.6808510638297872,1.0,0.810126582278481,0.6999701723611281
178.0,0.2758195400238037,0.4698389172554016,77.0,30.0,0.0,64.0,0.8245614035087719,0.8598130841121495,0.6808510638297872,1.0,0.810126582278481,0.6999701723611281
179.0,0.27429765462875366,0.4687151610851288,77.0,30.0,0.0,64.0,0.8245614035087719,0.8598130841121495,0.6808510638297872,1.0,0.810126582278481,0.6999701723611281
180.0,0.2727850675582886,0.4675976037979126,77.0,30.0,0.0,64.0,0.8245614035087719,0.8598130841121495,0.6808510638297872,1.0,0.810126582278481,0.6999701723611281
181.0,0.2712816298007965,0.46648621559143066,77.0,30.0,0.0,64.0,0.8245614035087719,0.8598130841121495,0.6808510638297872,1.0,0.810126582278481,0.6999701723611281
182.0,0.26978740096092224,0.46538102626800537,77.0,30.0,0.0,64.0,0.8245614035087719,0.8598130841121495,0.6808510638297872,1.0,0.810126582278481,0.6999701723611281
183.0,0.2683023512363434,0.4642818868160248,77.0,30.0,0.0,64.0,0.8245614035087719,0.8598130841121495,0.6808510638297872,1.0,0.810126582278481,0.6999701723611281
184.0,0.2668263912200928,0.46318888664245605,77.0,30.0,0.0,64.0,0.8245614035087719,0.8598130841121495,0.6808510638297872,1.0,0.810126582278481,0.6999701723611281
185.0,0.26535964012145996,0.4621019959449768,77.0,30.0,0.0,64.0,0.8245614035087719,0.8598130841121495,0.6808510638297872,1.0,0.810126582278481,0.6999701723611281
186.0,0.26390188932418823,0.4610210657119751,77.0,30.0,0.0,64.0,0.8245614035087719,0.8598130841121495,0.6808510638297872,1.0,0.810126582278481,0.6999701723611281
187.0,0.2624531686306,0.4599462151527405,79.0,28.0,0.0,64.0,0.8362573099415205,0.8691588785046729,0.6956521739130435,1.0,0.8205128205128205,0.7166675328924519
188.0,0.2610135078430176,0.4588773548603058,79.0,28.0,0.0,64.0,0.8362573099415205,0.8691588785046729,0.6956521739130435,1.0,0.8205128205128205,0.7166675328924519
189.0,0.25958287715911865,0.4578145444393158,79.0,28.0,0.0,64.0,0.8362573099415205,0.8691588785046729,0.6956521739130435,1.0,0.8205128205128205,0.7166675328924519
190.0,0.25816115736961365,0.4567576050758362,79.0,28.0,0.0,64.0,0.8362573099415205,0.8691588785046729,0.6956521739130435,1.0,0.8205128205128205,0.7166675328924519
191.0,0.2567483186721802,0.4557066261768341,79.0,28.0,0.0,64.0,0.8362573099415205,0.8691588785046729,0.6956521739130435,1.0,0.8205128205128205,0.7166675328924519
192.0,0.2553444504737854,0.4546615779399872,79.0,28.0,0.0,64.0,0.8362573099415205,0.8691588785046729,0.6956521739130435,1.0,0.8205128205128205,0.7166675328924519
193.0,0.2539493143558502,0.45362237095832825,80.0,27.0,0.0,64.0,0.8421052631578947,0.8738317757009346,0.7032967032967034,1.0,0.8258064516129032,0.7251408903627211
194.0,0.25256311893463135,0.4525889754295349,80.0,27.0,0.0,64.0,0.8421052631578947,0.8738317757009346,0.7032967032967034,1.0,0.8258064516129032,0.7251408903627211
195.0,0.25118565559387207,0.4515615403652191,80.0,27.0,0.0,64.0,0.8421052631578947,0.8738317757009346,0.7032967032967034,1.0,0.8258064516129032,0.7251408903627211
196.0,0.24981696903705597,0.45053982734680176,80.0,27.0,0.0,64.0,0.8421052631578947,0.8738317757009346,0.7032967032967034,1.0,0.8258064516129032,0.7251408903627211
197.0,0.2484569251537323,0.44952392578125,80.0,27.0,0.0,64.0,0.8421052631578947,0.8738317757009346,0.7032967032967034,1.0,0.8258064516129032,0.7251408903627211
198.0,0.2471056431531906,0.44851377606391907,81.0,26.0,0.0,64.0,0.847953216374269,0.8785046728971962,0.7111111111111111,1.0,0.8311688311688312,0.7337014086188917
199.0,0.24576294422149658,0.44750937819480896,81.0,26.0,0.0,64.0,0.847953216374269,0.8785046728971962,0.7111111111111111,1.0,0.8311688311688312,0.7337014086188917
200.0,0.2444288581609726,0.44651058316230774,81.0,26.0,0.0,64.0,0.847953216374269,0.8785046728971962,0.7111111111111111,1.0,0.8311688311688312,0.7337014086188917
201.0,0.24310338497161865,0.44551756978034973,81.0,26.0,0.0,64.0,0.847953216374269,0.8785046728971962,0.7111111111111111,1.0,0.8311688311688312,0.7337014086188917
202.0,0.2417864054441452,0.4445301592350006,81.0,26.0,0.0,64.0,0.847953216374269,0.8785046728971962,0.7111111111111111,1.0,0.8311688311688312,0.7337014086188917
203.0,0.24047788977622986,0.44354838132858276,81.0,26.0,0.0,64.0,0.847953216374269,0.8785046728971962,0.7111111111111111,1.0,0.8311688311688312,0.7337014086188917
204.0,0.2391778826713562,0.4425722062587738,81.0,26.0,0.0,64.0,0.847953216374269,0.8785046728971962,0.7111111111111111,1.0,0.8311688311688312,0.7337014086188917
205.0,0.23788627982139587,0.44160157442092896,81.0,26.0,0.0,64.0,0.847953216374269,0.8785046728971962,0.7111111111111111,1.0,0.8311688311688312,0.7337014086188917
206.0,0.2366030067205429,0.4406364858150482,82.0,25.0,0.0,64.0,0.8538011695906432,0.8831775700934579,0.7191011235955056,1.0,0.8366013071895425,0.7423522360588687
207.0,0.23532812297344208,0.4396769106388092,82.0,25.0,0.0,64.0,0.8538011695906432,0.8831775700934579,0.7191011235955056,1.0,0.8366013071895425,0.7423522360588687
208.0,0.23406153917312622,0.4387228786945343,82.0,25.0,0.0,64.0,0.8538011695906432,0.8831775700934579,0.7191011235955056,1.0,0.8366013071895425,0.7423522360588687
209.0,0.23280319571495056,0.43777430057525635,82.0,25.0,1.0,63.0,0.847953216374269,0.8753650700934579,0.7159090909090909,0.984375,0.8289473684210527,0.726917870691892
210.0,0.2315530776977539,0.43683111667633057,83.0,24.0,1.0,63.0,0.8538011695906432,0.8800379672897196,0.7241379310344828,0.984375,0.8344370860927153,0.7357657858753344
211.0,0.23031114041805267,0.4358934164047241,83.0,24.0,1.0,63.0,0.8538011695906432,0.8800379672897196,0.7241379310344828,0.984375,0.8344370860927153,0.7357657858753344
212.0,0.22907733917236328,0.4349610209465027,83.0,24.0,1.0,63.0,0.8538011695906432,0.8800379672897196,0.7241379310344828,0.984375,0.8344370860927153,0.7357657858753344
213.0,0.22785158455371857,0.43403398990631104,84.0,23.0,1.0,63.0,0.8596491228070176,0.8847108644859814,0.7325581395348837,0.984375,0.84,0.7447107693276417
214.0,0.2266339510679245,0.43311235308647156,84.0,23.0,1.0,63.0,0.8596491228070176,0.8847108644859814,0.7325581395348837,0.984375,0.84,0.7447107693276417
215.0,0.22542433440685272,0.4321959614753723,84.0,23.0,1.0,63.0,0.8596491228070176,0.8847108644859814,0.7325581395348837,0.984375,0.84,0.7447107693276417
216.0,0.22422266006469727,0.4312848150730133,84.0,23.0,1.0,63.0,0.8596491228070176,0.8847108644859814,0.7325581395348837,0.984375,0.84,0.7447107693276417
217.0,0.22302895784378052,0.43037891387939453,84.0,23.0,1.0,63.0,0.8596491228070176,0.8847108644859814,0.7325581395348837,0.984375,0.84,0.7447107693276417
218.0,0.22184312343597412,0.42947834730148315,85.0,22.0,1.0,63.0,0.8654970760233918,0.889383761682243,0.7411764705882353,0.984375,0.8456375838926175,0.7537564116197216
219.0,0.2206651270389557,0.4285828769207001,85.0,22.0,1.0,63.0,0.8654970760233918,0.889383761682243,0.7411764705882353,0.984375,0.8456375838926175,0.7537564116197216
220.0,0.21949493885040283,0.42769256234169006,85.0,22.0,1.0,63.0,0.8654970760233918,0.889383761682243,0.7411764705882353,0.984375,0.8456375838926175,0.7537564116197216
221.0,0.21833254396915436,0.4268074333667755,85.0,22.0,1.0,63.0,0.8654970760233918,0.889383761682243,0.7411764705882353,0.984375,0.8456375838926175,0.7537564116197216
222.0,0.2171778380870819,0.42592737078666687,86.0,21.0,1.0,63.0,0.8713450292397661,0.8940566588785046,0.75,0.984375,0.8513513513513513,0.7629064258154044
223.0,0.21603082120418549,0.42505234479904175,86.0,21.0,1.0,63.0,0.8713450292397661,0.8940566588785046,0.75,0.984375,0.8513513513513513,0.7629064258154044
224.0,0.2148914337158203,0.4241825044155121,86.0,21.0,1.0,63.0,0.8713450292397661,0.8940566588785046,0.75,0.984375,0.8513513513513513,0.7629064258154044
225.0,0.2137596756219864,0.4233175814151764,86.0,21.0,1.0,63.0,0.8713450292397661,0.8940566588785046,0.75,0.984375,0.8513513513513513,0.7629064258154044
226.0,0.21263547241687775,0.4224576950073242,86.0,21.0,1.0,63.0,0.8713450292397661,0.8940566588785046,0.75,0.984375,0.8513513513513513,0.7629064258154044
227.0,0.21151873469352722,0.42160284519195557,86.0,21.0,1.0,63.0,0.8713450292397661,0.8940566588785046,0.75,0.984375,0.8513513513513513,0.7629064258154044
228.0,0.21040946245193481,0.4207528233528137,86.0,21.0,1.0,63.0,0.8713450292397661,0.8940566588785046,0.75,0.984375,0.8513513513513513,0.7629064258154044
229.0,0.20930765569210052,0.4199077785015106,86.0,21.0,1.0,63.0,0.8713450292397661,0.8940566588785046,0.75,0.984375,0.8513513513513513,0.7629064258154044
230.0,0.2082132250070572,0.4190675914287567,86.0,21.0,1.0,63.0,0.8713450292397661,0.8940566588785046,0.75,0.984375,0.8513513513513513,0.7629064258154044
231.0,0.20712611079216003,0.4182322919368744,86.0,21.0,1.0,63.0,0.8713450292397661,0.8940566588785046,0.75,0.984375,0.8513513513513513,0.7629064258154044
232.0,0.20604629814624786,0.41740182042121887,86.0,21.0,1.0,63.0,0.8713450292397661,0.8940566588785046,0.75,0.984375,0.8513513513513513,0.7629064258154044
233.0,0.2049737423658371,0.41657617688179016,86.0,21.0,1.0,63.0,0.8713450292397661,0.8940566588785046,0.75,0.984375,0.8513513513513513,0.7629064258154044
234.0,0.20390841364860535,0.4157552421092987,86.0,21.0,1.0,63.0,0.8713450292397661,0.8940566588785046,0.75,0.984375,0.8513513513513513,0.7629064258154044
235.0,0.20285022258758545,0.41493916511535645,87.0,20.0,1.0,63.0,0.8771929824561403,0.8987295560747663,0.7590361445783133,0.984375,0.8571428571428571,0.7721646550959779
236.0,0.20179913938045502,0.41412773728370667,87.0,20.0,1.0,63.0,0.8771929824561403,0.8987295560747663,0.7590361445783133,0.984375,0.8571428571428571,0.7721646550959779
237.0,0.20075519382953644,0.41332098841667175,87.0,20.0,1.0,63.0,0.8771929824561403,0.8987295560747663,0.7590361445783133,0.984375,0.8571428571428571,0.7721646550959779
238.0,0.19971820712089539,0.4125189185142517,87.0,20.0,1.0,63.0,0.8771929824561403,0.8987295560747663,0.7590361445783133,0.984375,0.8571428571428571,0.7721646550959779
239.0,0.19868822395801544,0.41172152757644653,87.0,20.0,1.0,63.0,0.8771929824561403,0.8987295560747663,0.7590361445783133,0.984375,0.8571428571428571,0.7721646550959779
240.0,0.1976652592420578,0.4109286367893219,87.0,20.0,1.0,63.0,0.8771929824561403,0.8987295560747663,0.7590361445783133,0.984375,0.8571428571428571,0.7721646550959779
241.0,0.19664914906024933,0.4101405143737793,87.0,20.0,1.0,63.0,0.8771929824561403,0.8987295560747663,0.7590361445783133,0.984375,0.8571428571428571,0.7721646550959779
242.0,0.19563990831375122,0.40935689210891724,87.0,20.0,1.0,63.0,0.8771929824561403,0.8987295560747663,0.7590361445783133,0.984375,0.8571428571428571,0.7721646550959779
243.0,0.1946374922990799,0.4085777997970581,87.0,20.0,1.0,63.0,0.8771929824561403,0.8987295560747663,0.7590361445783133,0.984375,0.8571428571428571,0.7721646550959779
244.0,0.19364185631275177,0.40780317783355713,87.0,20.0,1.0,63.0,0.8771929824561403,0.8987295560747663,0.7590361445783133,0.984375,0.8571428571428571,0.7721646550959779
245.0,0.19265292584896088,0.4070330262184143,87.0,20.0,1.0,63.0,0.8771929824561403,0.8987295560747663,0.7590361445783133,0.984375,0.8571428571428571,0.7721646550959779
246.0,0.1916707158088684,0.40626734495162964,87.0,20.0,1.0,63.0,0.8771929824561403,0.8987295560747663,0.7590361445783133,0.984375,0.8571428571428571,0.7721646550959779
247.0,0.190695121884346,0.40550610423088074,87.0,20.0,1.0,63.0,0.8771929824561403,0.8987295560747663,0.7590361445783133,0.984375,0.8571428571428571,0.7721646550959779
248.0,0.18972615897655487,0.4047492444515228,87.0,20.0,1.0,63.0,0.8771929824561403,0.8987295560747663,0.7590361445783133,0.984375,0.8571428571428571,0.7721646550959779
249.0,0.18876373767852783,0.4039967954158783,87.0,20.0,1.0,63.0,0.8771929824561403,0.8987295560747663,0.7590361445783133,0.984375,0.8571428571428571,0.7721646550959779
250.0,0.1878078728914261,0.40324869751930237,87.0,20.0,1.0,63.0,0.8771929824561403,0.8987295560747663,0.7590361445783133,0.984375,0.8571428571428571,0.7721646550959779
251.0,0.1868584156036377,0.4025048017501831,87.0,20.0,1.0,63.0,0.8771929824561403,0.8987295560747663,0.7590361445783133,0.984375,0.8571428571428571,0.7721646550959779
252.0,0.18591544032096863,0.4017653465270996,87.0,20.0,1.0,63.0,0.8771929824561403,0.8987295560747663,0.7590361445783133,0.984375,0.8571428571428571,0.7721646550959779
253.0,0.18497885763645172,0.40103012323379517,87.0,20.0,1.0,63.0,0.8771929824561403,0.8987295560747663,0.7590361445783133,0.984375,0.8571428571428571,0.7721646550959779
254.0,0.1840486079454422,0.4002991020679474,87.0,20.0,1.0,63.0,0.8771929824561403,0.8987295560747663,0.7590361445783133,0.984375,0.8571428571428571,0.7721646550959779
255.0,0.18312467634677887,0.39957231283187866,87.0,20.0,1.0,63.0,0.8771929824561403,0.8987295560747663,0.7590361445783133,0.984375,0.8571428571428571,0.7721646550959779
256.0,0.18220700323581696,0.3988496661186218,87.0,20.0,1.0,63.0,0.8771929824561403,0.8987295560747663,0.7590361445783133,0.984375,0.8571428571428571,0.7721646550959779
257.0,0.18129557371139526,0.39813125133514404,87.0,20.0,1.0,63.0,0.8771929824561403,0.8987295560747663,0.7590361445783133,0.984375,0.8571428571428571,0.7721646550959779
258.0,0.18039029836654663,0.39741694927215576,87.0,20.0,1.0,63.0,0.8771929824561403,0.8987295560747663,0.7590361445783133,0.984375,0.8571428571428571,0.7721646550959779
259.0,0.17949116230010986,0.3967067003250122,87.0,20.0,1.0,63.0,0.8771929824561403,0.8987295560747663,0.7590361445783133,0.984375,0.8571428571428571,0.7721646550959779
260.0,0.17859813570976257,0.3960006535053253,87.0,20.0,1.0,63.0,0.8771929824561403,0.8987295560747663,0.7590361445783133,0.984375,0.8571428571428571,0.7721646550959779
261.0,0.1777111440896988,0.395298570394516,87.0,20.0,1.0,63.0,0.8771929824561403,0.8987295560747663,0.7590361445783133,0.984375,0.8571428571428571,0.7721646550959779
262.0,0.17683017253875732,0.3946005403995514,87.0,20.0,1.0,63.0,0.8771929824561403,0.8987295560747663,0.7590361445783133,0.984375,0.8571428571428571,0.7721646550959779
263.0,0.1759551763534546,0.39390653371810913,87.0,20.0,1.0,63.0,0.8771929824561403,0.8987295560747663,0.7590361445783133,0.984375,0.8571428571428571,0.7721646550959779
264.0,0.1750861406326294,0.39321649074554443,87.0,20.0,1.0,63.0,0.8771929824561403,0.8987295560747663,0.7590361445783133,0.984375,0.8571428571428571,0.7721646550959779
265.0,0.17422296106815338,0.3925304412841797,87.0,20.0,1.0,63.0,0.8771929824561403,0.8987295560747663,0.7590361445783133,0.984375,0.8571428571428571,0.7721646550959779
266.0,0.17336563766002655,0.39184829592704773,87.0,20.0,1.0,63.0,0.8771929824561403,0.8987295560747663,0.7590361445783133,0.984375,0.8571428571428571,0.7721646550959779
267.0,0.17251412570476532,0.39117008447647095,87.0,20.0,1.0,63.0,0.8771929824561403,0.8987295560747663,0.7590361445783133,0.984375,0.8571428571428571,0.7721646550959779
268.0,0.1716684103012085,0.39049574732780457,87.0,20.0,1.0,63.0,0.8771929824561403,0.8987295560747663,0.7590361445783133,0.984375,0.8571428571428571,0.7721646550959779
269.0,0.17082838714122772,0.3898251950740814,87.0,20.0,1.0,63.0,0.8771929824561403,0.8987295560747663,0.7590361445783133,0.984375,0.8571428571428571,0.7721646550959779
270.0,0.1699940711259842,0.38915854692459106,87.0,20.0,1.0,63.0,0.8771929824561403,0.8987295560747663,0.7590361445783133,0.984375,0.8571428571428571,0.7721646550959779
271.0,0.16916538774967194,0.3884957432746887,87.0,20.0,1.0,63.0,0.8771929824561403,0.8987295560747663,0.7590361445783133,0.984375,0.8571428571428571,0.7721646550959779
272.0,0.16834230720996857,0.38783666491508484,87.0,20.0,1.0,63.0,0.8771929824561403,0.8987295560747663,0.7590361445783133,0.984375,0.8571428571428571,0.7721646550959779
273.0,0.16752482950687408,0.3871813714504242,87.0,20.0,1.0,63.0,0.8771929824561403,0.8987295560747663,0.7590361445783133,0.984375,0.8571428571428571,0.7721646550959779
274.0,0.16671283543109894,0.386529803276062,87.0,20.0,1.0,63.0,0.8771929824561403,0.8987295560747663,0.7590361445783133,0.984375,0.8571428571428571,0.7721646550959779
275.0,0.1659063845872879,0.3858819305896759,87.0,20.0,1.0,63.0,0.8771929824561403,0.8987295560747663,0.7590361445783133,0.984375,0.8571428571428571,0.7721646550959779
276.0,0.16510535776615143,0.38523775339126587,87.0,20.0,1.0,63.0,0.8771929824561403,0.8987295560747663,0.7590361445783133,0.984375,0.8571428571428571,0.7721646550959779
277.0,0.16430969536304474,0.3845973014831543,87.0,20.0,1.0,63.0,0.8771929824561403,0.8987295560747663,0.7590361445783133,0.984375,0.8571428571428571,0.7721646550959779
278.0,0.1635195016860962,0.38396042585372925,87.0,20.0,1.0,63.0,0.8771929824561403,0.8987295560747663,0.7590361445783133,0.984375,0.8571428571428571,0.7721646550959779
279.0,0.16273456811904907,0.3833271563053131,88.0,19.0,1.0,63.0,0.8830409356725146,0.9034024532710281,0.7682926829268293,0.984375,0.863013698630137,0.781535080835604
280.0,0.16195496916770935,0.3826974928379059,88.0,19.0,1.0,63.0,0.8830409356725146,0.9034024532710281,0.7682926829268293,0.984375,0.863013698630137,0.781535080835604
281.0,0.16118063032627106,0.38207143545150757,88.0,19.0,1.0,63.0,0.8830409356725146,0.9034024532710281,0.7682926829268293,0.984375,0.863013698630137,0.781535080835604
282.0,0.16041147708892822,0.3814488351345062,88.0,19.0,1.0,63.0,0.8830409356725146,0.9034024532710281,0.7682926829268293,0.984375,0.863013698630137,0.781535080835604
283.0,0.15964752435684204,0.3808298707008362,88.0,19.0,1.0,63.0,0.8830409356725146,0.9034024532710281,0.7682926829268293,0.984375,0.863013698630137,0.781535080835604
284.0,0.15888874232769012,0.3802143931388855,88.0,19.0,1.0,63.0,0.8830409356725146,0.9034024532710281,0.7682926829268293,0.984375,0.863013698630137,0.781535080835604
285.0,0.1581350415945053,0.379602313041687,88.0,19.0,1.0,63.0,0.8830409356725146,0.9034024532710281,0.7682926829268293,0.984375,0.863013698630137,0.781535080835604
286.0,0.1573864072561264,0.3789937496185303,88.0,19.0,1.0,63.0,0.8830409356725146,0.9034024532710281,0.7682926829268293,0.984375,0.863013698630137,0.781535080835604
287.0,0.15664280951023102,0.3783886134624481,88.0,19.0,1.0,63.0,0.8830409356725146,0.9034024532710281,0.7682926829268293,0.984375,0.863013698630137,0.781535080835604
288.0,0.15590421855449677,0.37778687477111816,88.0,19.0,1.0,63.0,0.8830409356725146,0.9034024532710281,0.7682926829268293,0.984375,0.863013698630137,0.781535080835604
289.0,0.15517060458660126,0.3771885335445404,88.0,19.0,1.0,63.0,0.8830409356725146,0.9034024532710281,0.7682926829268293,0.984375,0.863013698630137,0.781535080835604
290.0,0.15444189310073853,0.37659355998039246,88.0,19.0,1.0,63.0,0.8830409356725146,0.9034024532710281,0.7682926829268293,0.984375,0.863013698630137,0.781535080835604
291.0,0.153718039393425,0.37600189447402954,88.0,19.0,1.0,63.0,0.8830409356725146,0.9034024532710281,0.7682926829268293,0.984375,0.863013698630137,0.781535080835604
292.0,0.15299907326698303,0.37541359663009644,88.0,19.0,1.0,63.0,0.8830409356725146,0.9034024532710281,0.7682926829268293,0.984375,0.863013698630137,0.781535080835604
293.0,0.1522849202156067,0.3748285472393036,88.0,19.0,1.0,63.0,0.8830409356725146,0.9034024532710281,0.7682926829268293,0.984375,0.863013698630137,0.781535080835604
294.0,0.15157555043697357,0.3742467761039734,88.0,19.0,1.0,63.0,0.8830409356725146,0.9034024532710281,0.7682926829268293,0.984375,0.863013698630137,0.781535080835604
295.0,0.1508709192276001,0.3736683130264282,88.0,19.0,1.0,63.0,0.8830409356725146,0.9034024532710281,0.7682926829268293,0.984375,0.863013698630137,0.781535080835604
296.0,0.15017099678516388,0.37309300899505615,88.0,19.0,1.0,63.0,0.8830409356725146,0.9034024532710281,0.7682926829268293,0.984375,0.863013698630137,0.781535080835604
297.0,0.14947575330734253,0.37252098321914673,88.0,19.0,1.0,63.0,0.8830409356725146,0.9034024532710281,0.7682926829268293,0.984375,0.863013698630137,0.781535080835604
298.0,0.14878514409065247,0.3719521164894104,88.0,19.0,1.0,63.0,0.8830409356725146,0.9034024532710281,0.7682926829268293,0.984375,0.863013698630137,0.781535080835604
299.0,0.1480991542339325,0.37138640880584717,88.0,19.0,1.0,63.0,0.8830409356725146,0.9034024532710281,0.7682926829268293,0.984375,0.863013698630137,0.781535080835604
300.0,0.14741772413253784,0.37082386016845703,88.0,19.0,1.0,63.0,0.8830409356725146,0.9034024532710281,0.7682926829268293,0.984375,0.863013698630137,0.781535080835604
301.0,0.14674079418182373,0.3702645003795624,88.0,19.0,1.0,63.0,0.8830409356725146,0.9034024532710281,0.7682926829268293,0.984375,0.863013698630137,0.781535080835604
302.0,0.14606843888759613,0.36970818042755127,88.0,19.0,1.0,63.0,0.8830409356725146,0.9034024532710281,0.7682926829268293,0.984375,0.863013698630137,0.781535080835604
303.0,0.1454005092382431,0.3691549003124237,88.0,19.0,1.0,63.0,0.8830409356725146,0.9034024532710281,0.7682926829268293,0.984375,0.863013698630137,0.781535080835604
304.0,0.14473704993724823,0.36860471963882446,88.0,19.0,1.0,63.0,0.8830409356725146,0.9034024532710281,0.7682926829268293,0.984375,0.863013698630137,0.781535080835604
305.0,0.14407794177532196,0.36805763840675354,88.0,19.0,1.0,63.0,0.8830409356725146,0.9034024532710281,0.7682926829268293,0.984375,0.863013698630137,0.781535080835604
306.0,0.1434231996536255,0.367513507604599,88.0,19.0,1.0,63.0,0.8830409356725146,0.9034024532710281,0.7682926829268293,0.984375,0.863013698630137,0.781535080835604
307.0,0.1427728533744812,0.3669724464416504,88.0,19.0,1.0,63.0,0.8830409356725146,0.9034024532710281,0.7682926829268293,0.984375,0.863013698630137,0.781535080835604
308.0,0.14212679862976074,0.36643436551094055,88.0,19.0,1.0,63.0,0.8830409356725146,0.9034024532710281,0.7682926829268293,0.984375,0.863013698630137,0.781535080835604
309.0,0.14148497581481934,0.3658992052078247,88.0,19.0,1.0,63.0,0.8830409356725146,0.9034024532710281,0.7682926829268293,0.984375,0.863013698630137,0.781535080835604
310.0,0.14084742963314056,0.36536696553230286,88.0,19.0,1.0,63.0,0.8830409356725146,0.9034024532710281,0.7682926829268293,0.984375,0.863013698630137,0.781535080835604
311.0,0.14021407067775726,0.3648376762866974,88.0,19.0,1.0,63.0,0.8830409356725146,0.9034024532710281,0.7682926829268293,0.984375,0.863013698630137,0.781535080835604
312.0,0.13958491384983063,0.3643113672733307,88.0,19.0,1.0,63.0,0.8830409356725146,0.9034024532710281,0.7682926829268293,0.984375,0.863013698630137,0.781535080835604
313.0,0.13895989954471588,0.36378785967826843,88.0,19.0,1.0,63.0,0.8830409356725146,0.9034024532710281,0.7682926829268293,0.984375,0.863013698630137,0.781535080835604
314.0,0.13833898305892944,0.36326727271080017,88.0,19.0,1.0,63.0,0.8830409356725146,0.9034024532710281,0.7682926829268293,0.984375,0.863013698630137,0.781535080835604
315.0,0.13772213459014893,0.36274948716163635,88.0,19.0,1.0,63.0,0.8830409356725146,0.9034024532710281,0.7682926829268293,0.984375,0.863013698630137,0.781535080835604
316.0,0.13710935413837433,0.36223456263542175,88.0,19.0,1.0,63.0,0.8830409356725146,0.9034024532710281,0.7682926829268293,0.984375,0.863013698630137,0.781535080835604
317.0,0.13650061190128326,0.3617223799228668,88.0,19.0,1.0,63.0,0.8830409356725146,0.9034024532710281,0.7682926829268293,0.984375,0.863013698630137,0.781535080835604
318.0,0.13589584827423096,0.3612130582332611,88.0,19.0,1.0,63.0,0.8830409356725146,0.9034024532710281,0.7682926829268293,0.984375,0.863013698630137,0.781535080835604
319.0,0.13529503345489502,0.36070647835731506,88.0,19.0,1.0,63.0,0.8830409356725146,0.9034024532710281,0.7682926829268293,0.984375,0.863013698630137,0.781535080835604
320.0,0.13469815254211426,0.3602026700973511,88.0,19.0,1.0,63.0,0.8830409356725146,0.9034024532710281,0.7682926829268293,0.984375,0.863013698630137,0.781535080835604
321.0,0.13410519063472748,0.359701544046402,88.0,19.0,1.0,63.0,0.8830409356725146,0.9034024532710281,0.7682926829268293,0.984375,0.863013698630137,0.781535080835604
322.0,0.1335160881280899,0.3592032194137573,88.0,19.0,1.0,63.0,0.8830409356725146,0.9034024532710281,0.7682926829268293,0.984375,0.863013698630137,0.781535080835604
323.0,0.13293081521987915,0.3587075471878052,88.0,19.0,1.0,63.0,0.8830409356725146,0.9034024532710281,0.7682926829268293,0.984375,0.863013698630137,0.781535080835604
324.0,0.1323493868112564,0.35821449756622314,88.0,19.0,1.0,63.0,0.8830409356725146,0.9034024532710281,0.7682926829268293,0.984375,0.863013698630137,0.781535080835604
325.0,0.13177171349525452,0.3577241897583008,88.0,19.0,1.0,63.0,0.8830409356725146,0.9034024532710281,0.7682926829268293,0.984375,0.863013698630137,0.781535080835604
326.0,0.13119781017303467,0.35723650455474854,89.0,18.0,1.0,63.0,0.8888888888888888,0.9080753504672897,0.7777777777777778,0.984375,0.8689655172413793,0.7910218311672426
327.0,0.1306276023387909,0.356751412153244,89.0,18.0,1.0,63.0,0.8888888888888888,0.9080753504672897,0.7777777777777778,0.984375,0.8689655172413793,0.7910218311672426
328.0,0.1300611048936844,0.3562690019607544,89.0,18.0,1.0,63.0,0.8888888888888888,0.9080753504672897,0.7777777777777778,0.984375,0.8689655172413793,0.7910218311672426
329.0,0.12949830293655396,0.3557891249656677,89.0,18.0,1.0,63.0,0.8888888888888888,0.9080753504672897,0.7777777777777778,0.984375,0.8689655172413793,0.7910218311672426
330.0,0.12893915176391602,0.3553118407726288,89.0,18.0,1.0,63.0,0.8888888888888888,0.9080753504672897,0.7777777777777778,0.984375,0.8689655172413793,0.7910218311672426
331.0,0.1283835917711258,0.3548370897769928,89.0,18.0,1.0,63.0,0.8888888888888888,0.9080753504672897,0.7777777777777778,0.984375,0.8689655172413793,0.7910218311672426
332.0,0.1278315931558609,0.35436493158340454,89.0,18.0,1.0,63.0,0.8888888888888888,0.9080753504672897,0.7777777777777778,0.984375,0.8689655172413793,0.7910218311672426
333.0,0.12728320062160492,0.3538952171802521,89.0,18.0,1.0,63.0,0.8888888888888888,0.9080753504672897,0.7777777777777778,0.984375,0.8689655172413793,0.7910218311672426
334.0,0.1267383098602295,0.35342809557914734,89.0,18.0,1.0,63.0,0.8888888888888888,0.9080753504672897,0.7777777777777778,0.984375,0.8689655172413793,0.7910218311672426
335.0,0.1261969357728958,0.3529634177684784,89.0,18.0,1.0,63.0,0.8888888888888888,0.9080753504672897,0.7777777777777778,0.984375,0.8689655172413793,0.7910218311672426
336.0,0.1256590485572815,0.3525012135505676,89.0,18.0,1.0,63.0,0.8888888888888888,0.9080753504672897,0.7777777777777778,0.984375,0.8689655172413793,0.7910218311672426
337.0,0.12512460350990295,0.35204142332077026,89.0,18.0,1.0,63.0,0.8888888888888888,0.9080753504672897,0.7777777777777778,0.984375,0.8689655172413793,0.7910218311672426
338.0,0.124593585729599,0.3515841066837311,89.0,18.0,1.0,63.0,0.8888888888888888,0.9080753504672897,0.7777777777777778,0.984375,0.8689655172413793,0.7910218311672426
339.0,0.12406597286462784,0.3511292040348053,89.0,18.0,1.0,63.0,0.8888888888888888,0.9080753504672897,0.7777777777777778,0.984375,0.8689655172413793,0.7910218311672426
340.0,0.12354172021150589,0.3506767451763153,89.0,18.0,1.0,63.0,0.8888888888888888,0.9080753504672897,0.7777777777777778,0.984375,0.8689655172413793,0.7910218311672426
341.0,0.12302081286907196,0.35022661089897156,89.0,18.0,1.0,63.0,0.8888888888888888,0.9080753504672897,0.7777777777777778,0.984375,0.8689655172413793,0.7910218311672426
342.0,0.12250325828790665,0.349778950214386,89.0,18.0,1.0,63.0,0.8888888888888888,0.9080753504672897,0.7777777777777778,0.984375,0.8689655172413793,0.7910218311672426
343.0,0.12198898941278458,0.3493335545063019,89.0,18.0,1.0,63.0,0.8888888888888888,0.9080753504672897,0.7777777777777778,0.984375,0.8689655172413793,0.7910218311672426
344.0,0.12147796899080276,0.3488905131816864,89.0,18.0,1.0,63.0,0.8888888888888888,0.9080753504672897,0.7777777777777778,0.984375,0.8689655172413793,0.7910218311672426
345.0,0.1209702119231224,0.34844982624053955,89.0,18.0,1.0,63.0,0.8888888888888888,0.9080753504672897,0.7777777777777778,0.984375,0.8689655172413793,0.7910218311672426
346.0,0.12046568095684052,0.34801149368286133,89.0,18.0,1.0,63.0,0.8888888888888888,0.9080753504672897,0.7777777777777778,0.984375,0.8689655172413793,0.7910218311672426
347.0,0.11996433883905411,0.3475753962993622,89.0,18.0,1.0,63.0,0.8888888888888888,0.9080753504672897,0.7777777777777778,0.984375,0.8689655172413793,0.7910218311672426
348.0,0.11946620792150497,0.3471415638923645,89.0,18.0,1.0,63.0,0.8888888888888888,0.9080753504672897,0.7777777777777778,0.984375,0.8689655172413793,0.7910218311672426
349.0,0.11897116154432297,0.34671005606651306,89.0,18.0,1.0,63.0,0.8888888888888888,0.9080753504672897,0.7777777777777778,0.984375,0.8689655172413793,0.7910218311672426
350.0,0.11847927421331406,0.3462807536125183,89.0,18.0,1.0,63.0,0.8888888888888888,0.9080753504672897,0.7777777777777778,0.984375,0.8689655172413793,0.7910218311672426
351.0,0.11799049377441406,0.345853716135025,89.0,18.0,1.0,63.0,0.8888888888888888,0.9080753504672897,0.7777777777777778,0.984375,0.8689655172413793,0.7910218311672426
352.0,0.1175047755241394,0.34542885422706604,89.0,18.0,1.0,63.0,0.8888888888888888,0.9080753504672897,0.7777777777777778,0.984375,0.8689655172413793,0.7910218311672426
353.0,0.11702212691307068,0.34500622749328613,89.0,18.0,1.0,63.0,0.8888888888888888,0.9080753504672897,0.7777777777777778,0.984375,0.8689655172413793,0.7910218311672426
354.0,0.11654248833656311,0.3445858061313629,89.0,18.0,1.0,63.0,0.8888888888888888,0.9080753504672897,0.7777777777777778,0.984375,0.8689655172413793,0.7910218311672426
355.0,0.11606590449810028,0.3441675305366516,89.0,18.0,1.0,63.0,0.8888888888888888,0.9080753504672897,0.7777777777777778,0.984375,0.8689655172413793,0.7910218311672426
356.0,0.11559226363897324,0.3437514305114746,89.0,18.0,1.0,63.0,0.8888888888888888,0.9080753504672897,0.7777777777777778,0.984375,0.8689655172413793,0.7910218311672426
357.0,0.11512158811092377,0.34333744645118713,89.0,18.0,1.0,63.0,0.8888888888888888,0.9080753504672897,0.7777777777777778,0.984375,0.8689655172413793,0.7910218311672426
358.0,0.11465387791395187,0.34292566776275635,89.0,18.0,1.0,63.0,0.8888888888888888,0.9080753504672897,0.7777777777777778,0.984375,0.8689655172413793,0.7910218311672426
359.0,0.11418905854225159,0.34251588582992554,89.0,18.0,1.0,63.0,0.8888888888888888,0.9080753504672897,0.7777777777777778,0.984375,0.8689655172413793,0.7910218311672426
360.0,0.11372716724872589,0.3421083688735962,89.0,18.0,1.0,63.0,0.8888888888888888,0.9080753504672897,0.7777777777777778,0.984375,0.8689655172413793,0.7910218311672426
361.0,0.11326811462640762,0.34170281887054443,89.0,18.0,1.0,63.0,0.8888888888888888,0.9080753504672897,0.7777777777777778,0.984375,0.8689655172413793,0.7910218311672426
362.0,0.11281194537878036,0.3412994146347046,89.0,18.0,1.0,63.0,0.8888888888888888,0.9080753504672897,0.7777777777777778,0.984375,0.8689655172413793,0.7910218311672426
363.0,0.11235857009887695,0.3408980369567871,89.0,18.0,1.0,63.0,0.8888888888888888,0.9080753504672897,0.7777777777777778,0.984375,0.8689655172413793,0.7910218311672426
364.0,0.11190803349018097,0.340498685836792,89.0,18.0,1.0,63.0,0.8888888888888888,0.9080753504672897,0.7777777777777778,0.984375,0.8689655172413793,0.7910218311672426
365.0,0.11146028339862823,0.3401014506816864,89.0,18.0,1.0,63.0,0.8888888888888888,0.9080753504672897,0.7777777777777778,0.984375,0.8689655172413793,0.7910218311672426
366.0,0.11101526767015457,0.3397061824798584,89.0,18.0,1.0,63.0,0.8888888888888888,0.9080753504672897,0.7777777777777778,0.984375,0.8689655172413793,0.7910218311672426
367.0,0.11057303100824356,0.33931294083595276,89.0,18.0,1.0,63.0,0.8888888888888888,0.9080753504672897,0.7777777777777778,0.984375,0.8689655172413793,0.7910218311672426
368.0,0.11013350635766983,0.3389216661453247,89.0,18.0,1.0,63.0,0.8888888888888888,0.9080753504672897,0.7777777777777778,0.984375,0.8689655172413793,0.7910218311672426
369.0,0.10969668626785278,0.338532418012619,89.0,18.0,1.0,63.0,0.8888888888888888,0.9080753504672897,0.7777777777777778,0.984375,0.8689655172413793,0.7910218311672426
370.0,0.10926254093647003,0.33814507722854614,89.0,18.0,1.0,63.0,0.8888888888888888,0.9080753504672897,0.7777777777777778,0.984375,0.8689655172413793,0.7910218311672426
371.0,0.10883109271526337,0.33775973320007324,89.0,18.0,1.0,63.0,0.8888888888888888,0.9080753504672897,0.7777777777777778,0.984375,0.8689655172413793,0.7910218311672426
372.0,0.10840226709842682,0.33737632632255554,89.0,18.0,1.0,63.0,0.8888888888888888,0.9080753504672897,0.7777777777777778,0.984375,0.8689655172413793,0.7910218311672426
373.0,0.10797605663537979,0.33699482679367065,89.0,18.0,1.0,63.0,0.8888888888888888,0.9080753504672897,0.7777777777777778,0.984375,0.8689655172413793,0.7910218311672426
374.0,0.10755245387554169,0.33661532402038574,89.0,18.0,1.0,63.0,0.8888888888888888,0.9080753504672897,0.7777777777777778,0.984375,0.8689655172413793,0.7910218311672426
375.0,0.10713142156600952,0.33623766899108887,89.0,18.0,1.0,63.0,0.8888888888888888,0.9080753504672897,0.7777777777777778,0.984375,0.8689655172413793,0.7910218311672426
376.0,0.10671296715736389,0.3358618915081024,89.0,18.0,1.0,63.0,0.8888888888888888,0.9080753504672897,0.7777777777777778,0.984375,0.8689655172413793,0.7910218311672426
377.0,0.106297068297863,0.3354880213737488,89.0,18.0,1.0,63.0,0.8888888888888888,0.9080753504672897,0.7777777777777778,0.984375,0.8689655172413793,0.7910218311672426
378.0,0.10588367283344269,0.3351159989833832,89.0,18.0,1.0,63.0,0.8888888888888888,0.9080753504672897,0.7777777777777778,0.984375,0.8689655172413793,0.7910218311672426
379.0,0.10547281801700592,0.3347458839416504,89.0,18.0,1.0,63.0,0.8888888888888888,0.9080753504672897,0.7777777777777778,0.984375,0.8689655172413793,0.7910218311672426
380.0,0.10506440699100494,0.33437755703926086,89.0,18.0,1.0,63.0,0.8888888888888888,0.9080753504672897,0.7777777777777778,0.984375,0.8689655172413793,0.7910218311672426
381.0,0.10465850681066513,0.3340110778808594,89.0,18.0,1.0,63.0,0.8888888888888888,0.9080753504672897,0.7777777777777778,0.984375,0.8689655172413793,0.7910218311672426
382.0,0.10425503551959991,0.33364638686180115,89.0,18.0,1.0,63.0,0.8888888888888888,0.9080753504672897,0.7777777777777778,0.984375,0.8689655172413793,0.7910218311672426
383.0,0.10385400056838989,0.33328357338905334,89.0,18.0,1.0,63.0,0.8888888888888888,0.9080753504672897,0.7777777777777778,0.984375,0.8689655172413793,0.7910218311672426
384.0,0.10345536470413208,0.3329225182533264,89.0,18.0,1.0,63.0,0.8888888888888888,0.9080753504672897,0.7777777777777778,0.984375,0.8689655172413793,0.7910218311672426
385.0,0.10305915027856827,0.33256328105926514,89.0,18.0,1.0,63.0,0.8888888888888888,0.9080753504672897,0.7777777777777778,0.984375,0.8689655172413793,0.7910218311672426
386.0,0.10266529023647308,0.33220577239990234,89.0,18.0,1.0,63.0,0.8888888888888888,0.9080753504672897,0.7777777777777778,0.984375,0.8689655172413793,0.7910218311672426
387.0,0.10227381438016891,0.3318500518798828,89.0,18.0,1.0,63.0,0.8888888888888888,0.9080753504672897,0.7777777777777778,0.984375,0.8689655172413793,0.7910218311672426
388.0,0.10188466310501099,0.33149605989456177,89.0,18.0,1.0,63.0,0.8888888888888888,0.9080753504672897,0.7777777777777778,0.984375,0.8689655172413793,0.7910218311672426
389.0,0.10149785131216049,0.3311437964439392,89.0,18.0,1.0,63.0,0.8888888888888888,0.9080753504672897,0.7777777777777778,0.984375,0.8689655172413793,0.7910218311672426
390.0,0.10111335664987564,0.3307932913303375,89.0,18.0,1.0,63.0,0.8888888888888888,0.9080753504672897,0.7777777777777778,0.984375,0.8689655172413793,0.7910218311672426
391.0,0.10073111206293106,0.33044448494911194,89.0,18.0,1.0,63.0,0.8888888888888888,0.9080753504672897,0.7777777777777778,0.984375,0.8689655172413793,0.7910218311672426
392.0,0.10035116970539093,0.33009737730026245,89.0,18.0,1.0,63.0,0.8888888888888888,0.9080753504672897,0.7777777777777778,0.984375,0.8689655172413793,0.7910218311672426
393.0,0.09997346252202988,0.32975196838378906,89.0,18.0,1.0,63.0,0.8888888888888888,0.9080753504672897,0.7777777777777778,0.984375,0.8689655172413793,0.7910218311672426
394.0,0.09959802776575089,0.3294082581996918,89.0,18.0,1.0,63.0,0.8888888888888888,0.9080753504672897,0.7777777777777778,0.984375,0.8689655172413793,0.7910218311672426
395.0,0.09922479838132858,0.3290662169456482,89.0,18.0,1.0,63.0,0.8888888888888888,0.9080753504672897,0.7777777777777778,0.984375,0.8689655172413793,0.7910218311672426
396.0,0.09885377436876297,0.3287258744239807,89.0,18.0,1.0,63.0,0.8888888888888888,0.9080753504672897,0.7777777777777778,0.984375,0.8689655172413793,0.7910218311672426
397.0,0.09848493337631226,0.3283871114253998,89.0,18.0,1.0,63.0,0.8888888888888888,0.9080753504672897,0.7777777777777778,0.984375,0.8689655172413793,0.7910218311672426
398.0,0.09811828285455704,0.32804998755455017,89.0,18.0,1.0,63.0,0.8888888888888888,0.9080753504672897,0.7777777777777778,0.984375,0.8689655172413793,0.7910218311672426
399.0,0.09775377064943314,0.3277145326137543,89.0,18.0,1.0,63.0,0.8888888888888888,0.9080753504672897,0.7777777777777778,0.984375,0.8689655172413793,0.7910218311672426
400.0,0.09739139676094055,0.3273807466030121,89.0,18.0,1.0,63.0,0.8888888888888888,0.9080753504672897,0.7777777777777778,0.984375,0.8689655172413793,0.7910218311672426
401.0,0.09703116863965988,0.3270484507083893,89.0,18.0,1.0,63.0,0.8888888888888888,0.9080753504672897,0.7777777777777778,0.984375,0.8689655172413793,0.7910218311672426
402.0,0.09667304903268814,0.3267178237438202,89.0,18.0,1.0,63.0,0.8888888888888888,0.9080753504672897,0.7777777777777778,0.984375,0.8689655172413793,0.7910218311672426
403.0,0.09631703048944473,0.32638880610466003,89.0,18.0,1.0,63.0,0.8888888888888888,0.9080753504672897,0.7777777777777778,0.984375,0.8689655172413793,0.7910218311672426
404.0,0.09596306830644608,0.32606130838394165,89.0,18.0,1.0,63.0,0.8888888888888888,0.9080753504672897,0.7777777777777778,0.984375,0.8689655172413793,0.7910218311672426
405.0,0.09561119228601456,0.3257354199886322,89.0,18.0,1.0,63.0,0.8888888888888888,0.9080753504672897,0.7777777777777778,0.984375,0.8689655172413793,0.7910218311672426
406.0,0.0952613428235054,0.3254110813140869,89.0,18.0,1.0,63.0,0.8888888888888888,0.9080753504672897,0.7777777777777778,0.984375,0.8689655172413793,0.7910218311672426
407.0,0.0949135348200798,0.3250882923603058,89.0,18.0,1.0,63.0,0.8888888888888888,0.9080753504672897,0.7777777777777778,0.984375,0.8689655172413793,0.7910218311672426
408.0,0.09456775337457657,0.32476702332496643,89.0,18.0,1.0,63.0,0.8888888888888888,0.9080753504672897,0.7777777777777778,0.984375,0.8689655172413793,0.7910218311672426
409.0,0.09422396868467331,0.32444727420806885,89.0,18.0,1.0,63.0,0.8888888888888888,0.9080753504672897,0.7777777777777778,0.984375,0.8689655172413793,0.7910218311672426
410.0,0.09388216584920883,0.32412904500961304,89.0,18.0,1.0,63.0,0.8888888888888888,0.9080753504672897,0.7777777777777778,0.984375,0.8689655172413793,0.7910218311672426
411.0,0.09354235976934433,0.323812335729599,89.0,18.0,1.0,63.0,0.8888888888888888,0.9080753504672897,0.7777777777777778,0.984375,0.8689655172413793,0.7910218311672426
412.0,0.09320448338985443,0.32349711656570435,89.0,18.0,1.0,63.0,0.8888888888888888,0.9080753504672897,0.7777777777777778,0.984375,0.8689655172413793,0.7910218311672426
413.0,0.09286858886480331,0.3231833875179291,89.0,18.0,1.0,63.0,0.8888888888888888,0.9080753504672897,0.7777777777777778,0.984375,0.8689655172413793,0.7910218311672426
414.0,0.09253459423780441,0.3228711485862732,89.0,18.0,1.0,63.0,0.8888888888888888,0.9080753504672897,0.7777777777777778,0.984375,0.8689655172413793,0.7910218311672426
415.0,0.09220252186059952,0.3225603699684143,89.0,18.0,1.0,63.0,0.8888888888888888,0.9080753504672897,0.7777777777777778,0.984375,0.8689655172413793,0.7910218311672426
416.0,0.09187235683202744,0.3222510814666748,89.0,18.0,1.0,63.0,0.8888888888888888,0.9080753504672897,0.7777777777777778,0.984375,0.8689655172413793,0.7910218311672426
417.0,0.09154408425092697,0.3219432234764099,89.0,18.0,1.0,63.0,0.8888888888888888,0.9080753504672897,0.7777777777777778,0.984375,0.8689655172413793,0.7910218311672426
418.0,0.09121769666671753,0.321636825799942,89.0,18.0,1.0,63.0,0.8888888888888888,0.9080753504672897,0.7777777777777778,0.984375,0.8689655172413793,0.7910218311672426
419.0,0.09089314192533493,0.32133182883262634,89.0,18.0,1.0,63.0,0.8888888888888888,0.9080753504672897,0.7777777777777778,0.984375,0.8689655172413793,0.7910218311672426
420.0,0.09057044982910156,0.32102829217910767,89.0,18.0,1.0,63.0,0.8888888888888888,0.9080753504672897,0.7777777777777778,0.984375,0.8689655172413793,0.7910218311672426
421.0,0.09024959802627563,0.3207261264324188,89.0,18.0,1.0,63.0,0.8888888888888888,0.9080753504672897,0.7777777777777778,0.984375,0.8689655172413793,0.7910218311672426
422.0,0.08993056416511536,0.32042545080184937,89.0,18.0,1.0,63.0,0.8888888888888888,0.9080753504672897,0.7777777777777778,0.984375,0.8689655172413793,0.7910218311672426
423.0,0.08961334079504013,0.3201260566711426,89.0,18.0,1.0,63.0,0.8888888888888888,0.9080753504672897,0.7777777777777778,0.984375,0.8689655172413793,0.7910218311672426
424.0,0.08929789811372757,0.3198281526565552,89.0,18.0,1.0,63.0,0.8888888888888888,0.9080753504672897,0.7777777777777778,0.984375,0.8689655172413793,0.7910218311672426
425.0,0.08898425847291946,0.3195315897464752,89.0,18.0,1.0,63.0,0.8888888888888888,0.9080753504672897,0.7777777777777778,0.984375,0.8689655172413793,0.7910218311672426
426.0,0.08867238461971283,0.3192363679409027,89.0,18.0,1.0,63.0,0.8888888888888888,0.9080753504672897,0.7777777777777778,0.984375,0.8689655172413793,0.7910218311672426
427.0,0.08836226910352707,0.3189425468444824,89.0,18.0,1.0,63.0,0.8888888888888888,0.9080753504672897,0.7777777777777778,0.984375,0.8689655172413793,0.7910218311672426
428.0,0.0880538672208786,0.31865009665489197,89.0,18.0,1.0,63.0,0.8888888888888888,0.9080753504672897,0.7777777777777778,0.984375,0.8689655172413793,0.7910218311672426
429.0,0.08774721622467041,0.3183589577674866,89.0,18.0,1.0,63.0,0.8888888888888888,0.9080753504672897,0.7777777777777778,0.984375,0.8689655172413793,0.7910218311672426
430.0,0.0874423012137413,0.3180691599845886,89.0,18.0,1.0,63.0,0.8888888888888888,0.9080753504672897,0.7777777777777778,0.984375,0.8689655172413793,0.7910218311672426
431.0,0.0871390700340271,0.31778067350387573,89.0,18.0,1.0,63.0,0.8888888888888888,0.9080753504672897,0.7777777777777778,0.984375,0.8689655172413793,0.7910218311672426
432.0,0.08683754503726959,0.3174935579299927,89.0,18.0,1.0,63.0,0.8888888888888888,0.9080753504672897,0.7777777777777778,0.984375,0.8689655172413793,0.7910218311672426
433.0,0.0865376889705658,0.3172077238559723,89.0,18.0,1.0,63.0,0.8888888888888888,0.9080753504672897,0.7777777777777778,0.984375,0.8689655172413793,0.7910218311672426
434.0,0.0862395167350769,0.31692326068878174,89.0,18.0,1.0,63.0,0.8888888888888888,0.9080753504672897,0.7777777777777778,0.984375,0.8689655172413793,0.7910218311672426
435.0,0.08594300597906113,0.31664004921913147,89.0,18.0,1.0,63.0,0.8888888888888888,0.9080753504672897,0.7777777777777778,0.984375,0.8689655172413793,0.7910218311672426
436.0,0.08564811944961548,0.3163580596446991,89.0,18.0,1.0,63.0,0.8888888888888888,0.9080753504672897,0.7777777777777778,0.984375,0.8689655172413793,0.7910218311672426
437.0,0.08535487204790115,0.31607741117477417,89.0,18.0,1.0,63.0,0.8888888888888888,0.9080753504672897,0.7777777777777778,0.984375,0.8689655172413793,0.7910218311672426
438.0,0.08506324887275696,0.3157980144023895,89.0,18.0,1.0,63.0,0.8888888888888888,0.9080753504672897,0.7777777777777778,0.984375,0.8689655172413793,0.7910218311672426
439.0,0.08477324992418289,0.31551992893218994,89.0,18.0,1.0,63.0,0.8888888888888888,0.9080753504672897,0.7777777777777778,0.984375,0.8689655172413793,0.7910218311672426
440.0,0.08448484539985657,0.31524306535720825,89.0,18.0,1.0,63.0,0.8888888888888888,0.9080753504672897,0.7777777777777778,0.984375,0.8689655172413793,0.7910218311672426
441.0,0.08419802784919739,0.314967542886734,89.0,18.0,1.0,63.0,0.8888888888888888,0.9080753504672897,0.7777777777777778,0.984375,0.8689655172413793,0.7910218311672426
442.0,0.08391277492046356,0.3146930932998657,89.0,18.0,1.0,63.0,0.8888888888888888,0.9080753504672897,0.7777777777777778,0.984375,0.8689655172413793,0.7910218311672426
443.0,0.08362910896539688,0.31442001461982727,89.0,18.0,1.0,63.0,0.8888888888888888,0.9080753504672897,0.7777777777777778,0.984375,0.8689655172413793,0.7910218311672426
444.0,0.08334698528051376,0.31414806842803955,89.0,18.0,1.0,63.0,0.8888888888888888,0.9080753504672897,0.7777777777777778,0.984375,0.8689655172413793,0.7910218311672426
445.0,0.0830664113163948,0.3138774037361145,89.0,18.0,1.0,63.0,0.8888888888888888,0.9080753504672897,0.7777777777777778,0.984375,0.8689655172413793,0.7910218311672426
446.0,0.08278736472129822,0.31360793113708496,89.0,18.0,1.0,63.0,0.8888888888888888,0.9080753504672897,0.7777777777777778,0.984375,0.8689655172413793,0.7910218311672426
447.0,0.0825098305940628,0.3133396506309509,89.0,18.0,1.0,63.0,0.8888888888888888,0.9080753504672897,0.7777777777777778,0.984375,0.8689655172413793,0.7910218311672426
448.0,0.08223380148410797,0.3130725920200348,89.0,18.0,1.0,63.0,0.8888888888888888,0.9080753504672897,0.7777777777777778,0.984375,0.8689655172413793,0.7910218311672426
449.0,0.0819592997431755,0.31280672550201416,89.0,18.0,1.0,63.0,0.8888888888888888,0.9080753504672897,0.7777777777777778,0.984375,0.8689655172413793,0.7910218311672426
450.0,0.08168628066778183,0.31254205107688904,89.0,18.0,1.0,63.0,0.8888888888888888,0.9080753504672897,0.7777777777777778,0.984375,0.8689655172413793,0.7910218311672426
451.0,0.08141472935676575,0.31227853894233704,89.0,18.0,1.0,63.0,0.8888888888888888,0.9080753504672897,0.7777777777777778,0.984375,0.8689655172413793,0.7910218311672426
452.0,0.08114466816186905,0.31201618909835815,89.0,18.0,1.0,63.0,0.8888888888888888,0.9080753504672897,0.7777777777777778,0.984375,0.8689655172413793,0.7910218311672426
453.0,0.08087603747844696,0.3117550015449524,89.0,18.0,1.0,63.0,0.8888888888888888,0.9080753504672897,0.7777777777777778,0.984375,0.8689655172413793,0.7910218311672426
454.0,0.08060886710882187,0.311494916677475,89.0,18.0,1.0,63.0,0.8888888888888888,0.9080753504672897,0.7777777777777778,0.984375,0.8689655172413793,0.7910218311672426
455.0,0.08034312725067139,0.31123605370521545,89.0,18.0,1.0,63.0,0.8888888888888888,0.9080753504672897,0.7777777777777778,0.984375,0.8689655172413793,0.7910218311672426
456.0,0.08007881790399551,0.3109782934188843,89.0,18.0,1.0,63.0,0.8888888888888888,0.9080753504672897,0.7777777777777778,0.984375,0.8689655172413793,0.7910218311672426
457.0,0.07981594651937485,0.3107216954231262,89.0,18.0,1.0,63.0,0.8888888888888888,0.9080753504672897,0.7777777777777778,0.984375,0.8689655172413793,0.7910218311672426
458.0,0.07955446094274521,0.3104662001132965,89.0,18.0,1.0,63.0,0.8888888888888888,0.9080753504672897,0.7777777777777778,0.984375,0.8689655172413793,0.7910218311672426
459.0,0.07929439097642899,0.31021183729171753,89.0,18.0,1.0,63.0,0.8888888888888888,0.9080753504672897,0.7777777777777778,0.984375,0.8689655172413793,0.7910218311672426
460.0,0.0790356993675232,0.3099586069583893,89.0,18.0,1.0,63.0,0.8888888888888888,0.9080753504672897,0.7777777777777778,0.984375,0.8689655172413793,0.7910218311672426
461.0,0.07877837866544724,0.309706449508667,89.0,18.0,1.0,63.0,0.8888888888888888,0.9080753504672897,0.7777777777777778,0.984375,0.8689655172413793,0.7910218311672426
462.0,0.07852243632078171,0.30945539474487305,89.0,18.0,1.0,63.0,0.8888888888888888,0.9080753504672897,0.7777777777777778,0.984375,0.8689655172413793,0.7910218311672426
463.0,0.07826787233352661,0.30920547246932983,89.0,18.0,1.0,63.0,0.8888888888888888,0.9080753504672897,0.7777777777777778,0.984375,0.8689655172413793,0.7910218311672426
464.0,0.07801462709903717,0.3089565634727478,89.0,18.0,1.0,63.0,0.8888888888888888,0.9080753504672897,0.7777777777777778,0.984375,0.8689655172413793,0.7910218311672426
465.0,0.07776274532079697,0.3087088167667389,89.0,18.0,1.0,63.0,0.8888888888888888,0.9080753504672897,0.7777777777777778,0.984375,0.8689655172413793,0.7910218311672426
466.0,0.07751217484474182,0.30846211314201355,89.0,18.0,1.0,63.0,0.8888888888888888,0.9080753504672897,0.7777777777777778,0.984375,0.8689655172413793,0.7910218311672426
467.0,0.07726296037435532,0.3082164227962494,89.0,18.0,1.0,63.0,0.8888888888888888,0.9080753504672897,0.7777777777777778,0.984375,0.8689655172413793,0.7910218311672426
468.0,0.07701503485441208,0.30797189474105835,89.0,18.0,1.0,63.0,0.8888888888888888,0.9080753504672897,0.7777777777777778,0.984375,0.8689655172413793,0.7910218311672426
469.0,0.0767684206366539,0.3077283501625061,89.0,18.0,1.0,63.0,0.8888888888888888,0.9080753504672897,0.7777777777777778,0.984375,0.8689655172413793,0.7910218311672426
470.0,0.07652308791875839,0.3074858486652374,89.0,18.0,1.0,63.0,0.8888888888888888,0.9080753504672897,0.7777777777777778,0.984375,0.8689655172413793,0.7910218311672426
471.0,0.07627905160188675,0.3072444498538971,89.0,18.0,1.0,63.0,0.8888888888888888,0.9080753504672897,0.7777777777777778,0.984375,0.8689655172413793,0.7910218311672426
472.0,0.07603628188371658,0.30700403451919556,89.0,18.0,1.0,63.0,0.8888888888888888,0.9080753504672897,0.7777777777777778,0.984375,0.8689655172413793,0.7910218311672426
473.0,0.07579480856657028,0.3067646622657776,89.0,18.0,1.0,63.0,0.8888888888888888,0.9080753504672897,0.7777777777777778,0.984375,0.8689655172413793,0.7910218311672426
474.0,0.07555457949638367,0.3065263032913208,89.0,18.0,1.0,63.0,0.8888888888888888,0.9080753504672897,0.7777777777777778,0.984375,0.8689655172413793,0.7910218311672426
475.0,0.07531558722257614,0.3062889873981476,89.0,18.0,1.0,63.0,0.8888888888888888,0.9080753504672897,0.7777777777777778,0.984375,0.8689655172413793,0.7910218311672426
476.0,0.07507786899805069,0.30605268478393555,89.0,18.0,1.0,63.0,0.8888888888888888,0.9080753504672897,0.7777777777777778,0.984375,0.8689655172413793,0.7910218311672426
477.0,0.07484135031700134,0.3058173358440399,89.0,18.0,1.0,63.0,0.8888888888888888,0.9080753504672897,0.7777777777777778,0.984375,0.8689655172413793,0.7910218311672426
478.0,0.07460608333349228,0.30558302998542786,89.0,18.0,1.0,63.0,0.8888888888888888,0.9080753504672897,0.7777777777777778,0.984375,0.8689655172413793,0.7910218311672426
479.0,0.07437203079462051,0.30534976720809937,89.0,18.0,1.0,63.0,0.8888888888888888,0.9080753504672897,0.7777777777777778,0.984375,0.8689655172413793,0.7910218311672426
480.0,0.07413917779922485,0.3051173985004425,89.0,18.0,1.0,63.0,0.8888888888888888,0.9080753504672897,0.7777777777777778,0.984375,0.8689655172413793,0.7910218311672426
481.0,0.0739075317978859,0.3048860728740692,89.0,18.0,1.0,63.0,0.8888888888888888,0.9080753504672897,0.7777777777777778,0.984375,0.8689655172413793,0.7910218311672426
482.0,0.07367708534002304,0.30465570092201233,89.0,18.0,1.0,63.0,0.8888888888888888,0.9080753504672897,0.7777777777777778,0.984375,0.8689655172413793,0.7910218311672426
483.0,0.0734478160738945,0.30442631244659424,89.0,18.0,1.0,63.0,0.8888888888888888,0.9080753504672897,0.7777777777777778,0.984375,0.8689655172413793,0.7910218311672426
484.0,0.07321973145008087,0.30419790744781494,89.0,18.0,1.0,63.0,0.8888888888888888,0.9080753504672897,0.7777777777777778,0.984375,0.8689655172413793,0.7910218311672426
485.0,0.07299280911684036,0.3039703965187073,89.0,18.0,1.0,63.0,0.8888888888888888,0.9080753504672897,0.7777777777777778,0.984375,0.8689655172413793,0.7910218311672426
486.0,0.07276704907417297,0.3037438988685608,89.0,18.0,1.0,63.0,0.8888888888888888,0.9080753504672897,0.7777777777777778,0.984375,0.8689655172413793,0.7910218311672426
487.0,0.0725424513220787,0.3035183548927307,89.0,18.0,1.0,63.0,0.8888888888888888,0.9080753504672897,0.7777777777777778,0.984375,0.8689655172413793,0.7910218311672426
488.0,0.07231899350881577,0.30329370498657227,89.0,18.0,1.0,63.0,0.8888888888888888,0.9080753504672897,0.7777777777777778,0.984375,0.8689655172413793,0.7910218311672426
489.0,0.07209665328264236,0.3030700385570526,89.0,18.0,1.0,63.0,0.8888888888888888,0.9080753504672897,0.7777777777777778,0.984375,0.8689655172413793,0.7910218311672426
490.0,0.07187546789646149,0.3028472661972046,89.0,18.0,1.0,63.0,0.8888888888888888,0.9080753504672897,0.7777777777777778,0.984375,0.8689655172413793,0.7910218311672426
491.0,0.07165539264678955,0.302625447511673,89.0,18.0,1.0,63.0,0.8888888888888888,0.9080753504672897,0.7777777777777778,0.984375,0.8689655172413793,0.7910218311672426
492.0,0.07143645733594894,0.302404522895813,89.0,18.0,1.0,63.0,0.8888888888888888,0.9080753504672897,0.7777777777777778,0.984375,0.8689655172413793,0.7910218311672426
493.0,0.07121860235929489,0.3021845519542694,89.0,18.0,1.0,63.0,0.8888888888888888,0.9080753504672897,0.7777777777777778,0.984375,0.8689655172413793,0.7910218311672426
494.0,0.07100186496973038,0.30196550488471985,89.0,18.0,1.0,63.0,0.8888888888888888,0.9080753504672897,0.7777777777777778,0.984375,0.8689655172413793,0.7910218311672426
495.0,0.07078618556261063,0.30174729228019714,89.0,18.0,1.0,63.0,0.8888888888888888,0.9080753504672897,0.7777777777777778,0.984375,0.8689655172413793,0.7910218311672426
496.0,0.07057162374258041,0.30153003334999084,89.0,18.0,1.0,63.0,0.8888888888888888,0.9080753504672897,0.7777777777777778,0.984375,0.8689655172413793,0.7910218311672426
497.0,0.07035814970731735,0.3013136684894562,89.0,18.0,1.0,63.0,0.8888888888888888,0.9080753504672897,0.7777777777777778,0.984375,0.8689655172413793,0.7910218311672426
498.0,0.07014574110507965,0.30109816789627075,89.0,18.0,1.0,63.0,0.8888888888888888,0.9080753504672897,0.7777777777777778,0.984375,0.8689655172413793,0.7910218311672426
499.0,0.06993439048528671,0.30088362097740173,89.0,18.0,1.0,63.0,0.8888888888888888,0.9080753504672897,0.7777777777777778,0.984375,0.8689655172413793,0.7910218311672426
500.0,0.06972409039735794,0.3006698787212372,89.0,18.0,1.0,63.0,0.8888888888888888,0.9080753504672897,0.7777777777777778,0.984375,0.8689655172413793,0.7910218311672426
501.0,0.06951484829187393,0.30045703053474426,89.0,18.0,1.0,63.0,0.8888888888888888,0.9080753504672897,0.7777777777777778,0.984375,0.8689655172413793,0.7910218311672426
502.0,0.0693066418170929,0.300245076417923,89.0,18.0,1.0,63.0,0.8888888888888888,0.9080753504672897,0.7777777777777778,0.984375,0.8689655172413793,0.7910218311672426
503.0,0.06909947842359543,0.30003395676612854,89.0,18.0,1.0,63.0,0.8888888888888888,0.9080753504672897,0.7777777777777778,0.984375,0.8689655172413793,0.7910218311672426
504.0,0.06889333575963974,0.29982370138168335,89.0,18.0,1.0,63.0,0.8888888888888888,0.9080753504672897,0.7777777777777778,0.984375,0.8689655172413793,0.7910218311672426
505.0,0.06868822127580643,0.2996143102645874,89.0,18.0,1.0,63.0,0.8888888888888888,0.9080753504672897,0.7777777777777778,0.984375,0.8689655172413793,0.7910218311672426
506.0,0.06848412752151489,0.2994057834148407,89.0,18.0,1.0,63.0,0.8888888888888888,0.9080753504672897,0.7777777777777778,0.984375,0.8689655172413793,0.7910218311672426
507.0,0.06828103959560394,0.29919812083244324,89.0,18.0,1.0,63.0,0.8888888888888888,0.9080753504672897,0.7777777777777778,0.984375,0.8689655172413793,0.7910218311672426
508.0,0.06807896494865417,0.29899123311042786,89.0,18.0,1.0,63.0,0.8888888888888888,0.9080753504672897,0.7777777777777778,0.984375,0.8689655172413793,0.7910218311672426
509.0,0.0678778663277626,0.2987852394580841,89.0,18.0,1.0,63.0,0.8888888888888888,0.9080753504672897,0.7777777777777778,0.984375,0.8689655172413793,0.7910218311672426
510.0,0.06767777353525162,0.29858002066612244,89.0,18.0,1.0,63.0,0.8888888888888888,0.9080753504672897,0.7777777777777778,0.984375,0.8689655172413793,0.7910218311672426
511.0,0.06747864931821823,0.29837566614151,89.0,18.0,1.0,63.0,0.8888888888888888,0.9080753504672897,0.7777777777777778,0.984375,0.8689655172413793,0.7910218311672426
512.0,0.06728052347898483,0.29817214608192444,89.0,18.0,1.0,63.0,0.8888888888888888,0.9080753504672897,0.7777777777777778,0.984375,0.8689655172413793,0.7910218311672426
513.0,0.06708335131406784,0.29796943068504333,89.0,18.0,1.0,63.0,0.8888888888888888,0.9080753504672897,0.7777777777777778,0.984375,0.8689655172413793,0.7910218311672426
514.0,0.06688714772462845,0.2977675199508667,89.0,18.0,1.0,63.0,0.8888888888888888,0.9080753504672897,0.7777777777777778,0.984375,0.8689655172413793,0.7910218311672426
515.0,0.06669189780950546,0.2975664436817169,89.0,18.0,1.0,63.0,0.8888888888888888,0.9080753504672897,0.7777777777777778,0.984375,0.8689655172413793,0.7910218311672426
516.0,0.06649760156869888,0.2973661720752716,89.0,18.0,1.0,63.0,0.8888888888888888,0.9080753504672897,0.7777777777777778,0.984375,0.8689655172413793,0.7910218311672426
517.0,0.06630425900220871,0.297166645526886,89.0,18.0,1.0,63.0,0.8888888888888888,0.9080753504672897,0.7777777777777778,0.984375,0.8689655172413793,0.7910218311672426
518.0,0.06611184030771255,0.2969679832458496,89.0,18.0,1.0,63.0,0.8888888888888888,0.9080753504672897,0.7777777777777778,0.984375,0.8689655172413793,0.7910218311672426
519.0,0.06592036783695221,0.29677003622055054,89.0,18.0,1.0,63.0,0.8888888888888888,0.9080753504672897,0.7777777777777778,0.984375,0.8689655172413793,0.7910218311672426
520.0,0.06572983413934708,0.2965729534626007,89.0,18.0,1.0,63.0,0.8888888888888888,0.9080753504672897,0.7777777777777778,0.984375,0.8689655172413793,0.7910218311672426
521.0,0.06554018706083298,0.29637664556503296,89.0,18.0,1.0,63.0,0.8888888888888888,0.9080753504672897,0.7777777777777778,0.984375,0.8689655172413793,0.7910218311672426
522.0,0.0653514713048935,0.2961810529232025,89.0,18.0,1.0,63.0,0.8888888888888888,0.9080753504672897,0.7777777777777778,0.984375,0.8689655172413793,0.7910218311672426
523.0,0.06516367197036743,0.2959862947463989,89.0,18.0,1.0,63.0,0.8888888888888888,0.9080753504672897,0.7777777777777778,0.984375,0.8689655172413793,0.7910218311672426
524.0,0.0649767741560936,0.29579228162765503,89.0,18.0,1.0,63.0,0.8888888888888888,0.9080753504672897,0.7777777777777778,0.984375,0.8689655172413793,0.7910218311672426
525.0,0.0647907704114914,0.2955990433692932,89.0,18.0,1.0,63.0,0.8888888888888888,0.9080753504672897,0.7777777777777778,0.984375,0.8689655172413793,0.7910218311672426
526.0,0.06460566818714142,0.2954065501689911,89.0,18.0,1.0,63.0,0.8888888888888888,0.9080753504672897,0.7777777777777778,0.984375,0.8689655172413793,0.7910218311672426
527.0,0.06442143768072128,0.29521483182907104,89.0,18.0,1.0,63.0,0.8888888888888888,0.9080753504672897,0.7777777777777778,0.984375,0.8689655172413793,0.7910218311672426
528.0,0.06423810124397278,0.2950238287448883,89.0,18.0,1.0,63.0,0.8888888888888888,0.9080753504672897,0.7777777777777778,0.984375,0.8689655172413793,0.7910218311672426
529.0,0.06405563652515411,0.29483357071876526,89.0,18.0,1.0,63.0,0.8888888888888888,0.9080753504672897,0.7777777777777778,0.984375,0.8689655172413793,0.7910218311672426
530.0,0.06387403607368469,0.2946441173553467,89.0,18.0,1.0,63.0,0.8888888888888888,0.9080753504672897,0.7777777777777778,0.984375,0.8689655172413793,0.7910218311672426
531.0,0.06369329988956451,0.2944553792476654,89.0,18.0,1.0,63.0,0.8888888888888888,0.9080753504672897,0.7777777777777778,0.984375,0.8689655172413793,0.7910218311672426
532.0,0.06351342797279358,0.29426735639572144,89.0,18.0,1.0,63.0,0.8888888888888888,0.9080753504672897,0.7777777777777778,0.984375,0.8689655172413793,0.7910218311672426
533.0,0.0633344054222107,0.29408004879951477,89.0,18.0,1.0,63.0,0.8888888888888888,0.9080753504672897,0.7777777777777778,0.984375,0.8689655172413793,0.7910218311672426
534.0,0.06315622478723526,0.2938935160636902,89.0,18.0,1.0,63.0,0.8888888888888888,0.9080753504672897,0.7777777777777778,0.984375,0.8689655172413793,0.7910218311672426
535.0,0.06297889351844788,0.2937076985836029,89.0,18.0,1.0,63.0,0.8888888888888888,0.9080753504672897,0.7777777777777778,0.984375,0.8689655172413793,0.7910218311672426
536.0,0.06280239671468735,0.29352259635925293,89.0,18.0,1.0,63.0,0.8888888888888888,0.9080753504672897,0.7777777777777778,0.984375,0.8689655172413793,0.7910218311672426
537.0,0.06262674182653427,0.29333820939064026,89.0,18.0,1.0,63.0,0.8888888888888888,0.9080753504672897,0.7777777777777778,0.984375,0.8689655172413793,0.7910218311672426
538.0,0.062451887875795364,0.2931544780731201,89.0,18.0,1.0,63.0,0.8888888888888888,0.9080753504672897,0.7777777777777778,0.984375,0.8689655172413793,0.7910218311672426
539.0,0.06227787584066391,0.29297158122062683,89.0,18.0,1.0,63.0,0.8888888888888888,0.9080753504672897,0.7777777777777778,0.984375,0.8689655172413793,0.7910218311672426
540.0,0.06210468336939812,0.2927892804145813,89.0,18.0,1.0,63.0,0.8888888888888888,0.9080753504672897,0.7777777777777778,0.984375,0.8689655172413793,0.7910218311672426
541.0,0.061932288110256195,0.29260772466659546,89.0,18.0,1.0,63.0,0.8888888888888888,0.9080753504672897,0.7777777777777778,0.984375,0.8689655172413793,0.7910218311672426
542.0,0.061760708689689636,0.29242685437202454,89.0,18.0,1.0,63.0,0.8888888888888888,0.9080753504672897,0.7777777777777778,0.984375,0.8689655172413793,0.7910218311672426
543.0,0.06158991903066635,0.2922467291355133,89.0,18.0,1.0,63.0,0.8888888888888888,0.9080753504672897,0.7777777777777778,0.984375,0.8689655172413793,0.7910218311672426
544.0,0.06141993775963783,0.29206719994544983,89.0,18.0,1.0,63.0,0.8888888888888888,0.9080753504672897,0.7777777777777778,0.984375,0.8689655172413793,0.7910218311672426
545.0,0.06125074252486229,0.29188841581344604,89.0,18.0,1.0,63.0,0.8888888888888888,0.9080753504672897,0.7777777777777778,0.984375,0.8689655172413793,0.7910218311672426
546.0,0.06108231469988823,0.2917102873325348,89.0,18.0,1.0,63.0,0.8888888888888888,0.9080753504672897,0.7777777777777778,0.984375,0.8689655172413793,0.7910218311672426
547.0,0.06091470643877983,0.29153287410736084,89.0,18.0,1.0,63.0,0.8888888888888888,0.9080753504672897,0.7777777777777778,0.984375,0.8689655172413793,0.7910218311672426
548.0,0.060747843235731125,0.2913561165332794,89.0,18.0,1.0,63.0,0.8888888888888888,0.9080753504672897,0.7777777777777778,0.984375,0.8689655172413793,0.7910218311672426
549.0,0.0605817548930645,0.2911800146102905,89.0,18.0,1.0,63.0,0.8888888888888888,0.9080753504672897,0.7777777777777778,0.984375,0.8689655172413793,0.7910218311672426
550.0,0.06041644886136055,0.29100456833839417,89.0,18.0,1.0,63.0,0.8888888888888888,0.9080753504672897,0.7777777777777778,0.984375,0.8689655172413793,0.7910218311672426
551.0,0.06025189533829689,0.29082977771759033,89.0,18.0,1.0,63.0,0.8888888888888888,0.9080753504672897,0.7777777777777778,0.984375,0.8689655172413793,0.7910218311672426
552.0,0.06008810177445412,0.2906557023525238,89.0,18.0,1.0,63.0,0.8888888888888888,0.9080753504672897,0.7777777777777778,0.984375,0.8689655172413793,0.7910218311672426
553.0,0.059925053268671036,0.2904822826385498,89.0,18.0,1.0,63.0,0.8888888888888888,0.9080753504672897,0.7777777777777778,0.984375,0.8689655172413793,0.7910218311672426
554.0,0.05976274609565735,0.29030948877334595,89.0,18.0,1.0,63.0,0.8888888888888888,0.9080753504672897,0.7777777777777778,0.984375,0.8689655172413793,0.7910218311672426
555.0,0.059601206332445145,0.2901373505592346,89.0,18.0,1.0,63.0,0.8888888888888888,0.9080753504672897,0.7777777777777778,0.984375,0.8689655172413793,0.7910218311672426
556.0,0.059440385550260544,0.2899658679962158,89.0,18.0,1.0,63.0,0.8888888888888888,0.9080753504672897,0.7777777777777778,0.984375,0.8689655172413793,0.7910218311672426
557.0,0.05928029492497444,0.28979504108428955,89.0,18.0,1.0,63.0,0.8888888888888888,0.9080753504672897,0.7777777777777778,0.984375,0.8689655172413793,0.7910218311672426
558.0,0.05912094935774803,0.28962481021881104,89.0,18.0,1.0,63.0,0.8888888888888888,0.9080753504672897,0.7777777777777778,0.984375,0.8689655172413793,0.7910218311672426
559.0,0.058962319046258926,0.28945526480674744,89.0,18.0,1.0,63.0,0.8888888888888888,0.9080753504672897,0.7777777777777778,0.984375,0.8689655172413793,0.7910218311672426
560.0,0.05880441144108772,0.2892862856388092,89.0,18.0,1.0,63.0,0.8888888888888888,0.9080753504672897,0.7777777777777778,0.984375,0.8689655172413793,0.7910218311672426
561.0,0.058647237718105316,0.2891180217266083,89.0,18.0,1.0,63.0,0.8888888888888888,0.9080753504672897,0.7777777777777778,0.984375,0.8689655172413793,0.7910218311672426
562.0,0.05849074572324753,0.2889503240585327,89.0,18.0,1.0,63.0,0.8888888888888888,0.9080753504672897,0.7777777777777778,0.984375,0.8689655172413793,0.7910218311672426
563.0,0.05833498388528824,0.2887832820415497,89.0,18.0,1.0,63.0,0.8888888888888888,0.9080753504672897,0.7777777777777778,0.984375,0.8689655172413793,0.7910218311672426
564.0,0.05817990377545357,0.2886168360710144,89.0,18.0,1.0,63.0,0.8888888888888888,0.9080753504672897,0.7777777777777778,0.984375,0.8689655172413793,0.7910218311672426
565.0,0.0580255351960659,0.28845104575157166,89.0,18.0,1.0,63.0,0.8888888888888888,0.9080753504672897,0.7777777777777778,0.984375,0.8689655172413793,0.7910218311672426
566.0,0.05787186324596405,0.2882858216762543,89.0,18.0,1.0,63.0,0.8888888888888888,0.9080753504672897,0.7777777777777778,0.984375,0.8689655172413793,0.7910218311672426
567.0,0.05771889165043831,0.2881212830543518,89.0,18.0,1.0,63.0,0.8888888888888888,0.9080753504672897,0.7777777777777778,0.984375,0.8689655172413793,0.7910218311672426
568.0,0.0575665682554245,0.2879572808742523,89.0,18.0,1.0,63.0,0.8888888888888888,0.9080753504672897,0.7777777777777778,0.984375,0.8689655172413793,0.7910218311672426
569.0,0.05741497129201889,0.287793904542923,89.0,18.0,1.0,63.0,0.8888888888888888,0.9080753504672897,0.7777777777777778,0.984375,0.8689655172413793,0.7910218311672426
570.0,0.05726402625441551,0.2876311242580414,89.0,18.0,1.0,63.0,0.8888888888888888,0.9080753504672897,0.7777777777777778,0.984375,0.8689655172413793,0.7910218311672426
571.0,0.05711376667022705,0.28746888041496277,89.0,18.0,1.0,63.0,0.8888888888888888,0.9080753504672897,0.7777777777777778,0.984375,0.8689655172413793,0.7910218311672426
572.0,0.056964170187711716,0.2873073220252991,89.0,18.0,1.0,63.0,0.8888888888888888,0.9080753504672897,0.7777777777777778,0.984375,0.8689655172413793,0.7910218311672426
573.0,0.05681523680686951,0.28714632987976074,89.0,18.0,1.0,63.0,0.8888888888888888,0.9080753504672897,0.7777777777777778,0.984375,0.8689655172413793,0.7910218311672426
574.0,0.05666697770357132,0.28698593378067017,89.0,18.0,1.0,63.0,0.8888888888888888,0.9080753504672897,0.7777777777777778,0.984375,0.8689655172413793,0.7910218311672426
575.0,0.05651935935020447,0.28682610392570496,89.0,18.0,1.0,63.0,0.8888888888888888,0.9080753504672897,0.7777777777777778,0.984375,0.8689655172413793,0.7910218311672426
576.0,0.05637241154909134,0.2866668403148651,89.0,18.0,1.0,63.0,0.8888888888888888,0.9080753504672897,0.7777777777777778,0.984375,0.8689655172413793,0.7910218311672426
577.0,0.05622611567378044,0.2865082323551178,89.0,18.0,1.0,63.0,0.8888888888888888,0.9080753504672897,0.7777777777777778,0.984375,0.8689655172413793,0.7910218311672426
578.0,0.056080449372529984,0.2863501310348511,89.0,18.0,1.0,63.0,0.8888888888888888,0.9080753504672897,0.7777777777777778,0.984375,0.8689655172413793,0.7910218311672426
579.0,0.055935438722372055,0.2861926257610321,89.0,18.0,1.0,63.0,0.8888888888888888,0.9080753504672897,0.7777777777777778,0.984375,0.8689655172413793,0.7910218311672426
580.0,0.05579105764627457,0.2860356569290161,89.0,18.0,1.0,63.0,0.8888888888888888,0.9080753504672897,0.7777777777777778,0.984375,0.8689655172413793,0.7910218311672426
581.0,0.05564730986952782,0.28587931394577026,89.0,18.0,1.0,63.0,0.8888888888888888,0.9080753504672897,0.7777777777777778,0.984375,0.8689655172413793,0.7910218311672426
582.0,0.0555042028427124,0.285723477602005,89.0,18.0,1.0,63.0,0.8888888888888888,0.9080753504672897,0.7777777777777778,0.984375,0.8689655172413793,0.7910218311672426
583.0,0.05536170303821564,0.2855682373046875,89.0,18.0,1.0,63.0,0.8888888888888888,0.9080753504672897,0.7777777777777778,0.984375,0.8689655172413793,0.7910218311672426
584.0,0.05521984398365021,0.28541356325149536,89.0,18.0,1.0,63.0,0.8888888888888888,0.9080753504672897,0.7777777777777778,0.984375,0.8689655172413793,0.7910218311672426
585.0,0.05507860705256462,0.2852594554424286,89.0,18.0,1.0,63.0,0.8888888888888888,0.9080753504672897,0.7777777777777778,0.984375,0.8689655172413793,0.7910218311672426
586.0,0.05493798479437828,0.2851058542728424,89.0,18.0,1.0,63.0,0.8888888888888888,0.9080753504672897,0.7777777777777778,0.984375,0.8689655172413793,0.7910218311672426
587.0,0.054797977209091187,0.28495287895202637,89.0,18.0,1.0,63.0,0.8888888888888888,0.9080753504672897,0.7777777777777778,0.984375,0.8689655172413793,0.7910218311672426
588.0,0.05465855821967125,0.28480038046836853,89.0,18.0,1.0,63.0,0.8888888888888888,0.9080753504672897,0.7777777777777778,0.984375,0.8689655172413793,0.7910218311672426
589.0,0.05451975390315056,0.28464841842651367,89.0,18.0,1.0,63.0,0.8888888888888888,0.9080753504672897,0.7777777777777778,0.984375,0.8689655172413793,0.7910218311672426
590.0,0.054381560534238815,0.28449705243110657,89.0,18.0,1.0,63.0,0.8888888888888888,0.9080753504672897,0.7777777777777778,0.984375,0.8689655172413793,0.7910218311672426
591.0,0.05424394831061363,0.28434625267982483,89.0,18.0,1.0,63.0,0.8888888888888888,0.9080753504672897,0.7777777777777778,0.984375,0.8689655172413793,0.7910218311672426
592.0,0.054106950759887695,0.2841958701610565,89.0,18.0,1.0,63.0,0.8888888888888888,0.9080753504672897,0.7777777777777778,0.984375,0.8689655172413793,0.7910218311672426
593.0,0.053970545530319214,0.28404614329338074,89.0,18.0,1.0,63.0,0.8888888888888888,0.9080753504672897,0.7777777777777778,0.984375,0.8689655172413793,0.7910218311672426
594.0,0.0538347065448761,0.28389686346054077,89.0,18.0,1.0,63.0,0.8888888888888888,0.9080753504672897,0.7777777777777778,0.984375,0.8689655172413793,0.7910218311672426
595.0,0.05369946360588074,0.28374814987182617,89.0,18.0,1.0,63.0,0.8888888888888888,0.9080753504672897,0.7777777777777778,0.984375,0.8689655172413793,0.7910218311672426
596.0,0.05356481671333313,0.28359997272491455,89.0,18.0,1.0,63.0,0.8888888888888888,0.9080753504672897,0.7777777777777778,0.984375,0.8689655172413793,0.7910218311672426
597.0,0.053430721163749695,0.2834523022174835,89.0,18.0,1.0,63.0,0.8888888888888888,0.9080753504672897,0.7777777777777778,0.984375,0.8689655172413793,0.7910218311672426
598.0,0.05329721048474312,0.2833051383495331,89.0,18.0,1.0,63.0,0.8888888888888888,0.9080753504672897,0.7777777777777778,0.984375,0.8689655172413793,0.7910218311672426
599.0,0.05316426232457161,0.283158540725708,89.0,18.0,1.0,63.0,0.8888888888888888,0.9080753504672897,0.7777777777777778,0.984375,0.8689655172413793,0.7910218311672426
